-- phpMyAdmin SQL Dump
-- version 5.1.1
-- https://www.phpmyadmin.net/
--
-- Host: 127.0.0.1
-- Generation Time: Jul 22, 2021 at 11:24 PM
-- Server version: 10.4.20-MariaDB
-- PHP Version: 7.3.29

SET SQL_MODE = "NO_AUTO_VALUE_ON_ZERO";
START TRANSACTION;
SET time_zone = "+00:00";


/*!40101 SET @OLD_CHARACTER_SET_CLIENT=@@CHARACTER_SET_CLIENT */;
/*!40101 SET @OLD_CHARACTER_SET_RESULTS=@@CHARACTER_SET_RESULTS */;
/*!40101 SET @OLD_COLLATION_CONNECTION=@@COLLATION_CONNECTION */;
/*!40101 SET NAMES utf8mb4 */;

--
-- Database: `keyholic`
--

-- --------------------------------------------------------

--
-- Table structure for table `brands`
--

CREATE TABLE `brands` (
  `id` bigint(20) NOT NULL,
  `name` longtext DEFAULT NULL,
  `image` longtext DEFAULT NULL
) ENGINE=InnoDB DEFAULT CHARSET=utf8mb4;

--
-- Dumping data for table `brands`
--

INSERT INTO `brands` (`id`, `name`, `image`) VALUES
(1, 'Leopold', '/images/brands/leopold.png'),
(2, 'Filco', '/images/brands/filco.png'),
(3, 'Razer', '/images/brands/razer.png'),
(4, 'Corsair', '/images/brands/corsair.png'),
(5, 'Logitech', '/images/brands/logitech.png'),
(6, 'Keychrone', '/images/brands/keychrone.png'),
(7, 'Akko', '/images/brands/akko.png'),
(8, 'E-Dra', '/images/brands/edra.png'),
(9, 'DareU', '/images/brands/dareu.png');

-- --------------------------------------------------------

--
-- Table structure for table `categories`
--

CREATE TABLE `categories` (
  `id` bigint(20) NOT NULL,
  `name` longtext DEFAULT NULL
) ENGINE=InnoDB DEFAULT CHARSET=utf8mb4;

--
-- Dumping data for table `categories`
--

INSERT INTO `categories` (`id`, `name`) VALUES
(1, 'keyboard'),
(2, 'keycap'),
(3, 'Palmrest');

-- --------------------------------------------------------

--
-- Table structure for table `charges`
--

CREATE TABLE `charges` (
  `amount` bigint(20) DEFAULT NULL,
  `receipt_email` longtext DEFAULT NULL,
  `product_name` longtext DEFAULT NULL,
  `created_at` datetime(3) DEFAULT NULL,
  `updated_at` datetime(3) DEFAULT NULL
) ENGINE=InnoDB DEFAULT CHARSET=utf8mb4;

-- --------------------------------------------------------

--
-- Table structure for table `detailproducts`
--

CREATE TABLE `detailproducts` (
  `id` bigint(20) NOT NULL,
  `name` longtext DEFAULT NULL
) ENGINE=InnoDB DEFAULT CHARSET=utf8mb4;

-- --------------------------------------------------------

--
-- Table structure for table `imageproducts`
--

CREATE TABLE `imageproducts` (
  `id` bigint(20) NOT NULL,
  `product_id` bigint(20) DEFAULT NULL,
  `image` longtext DEFAULT NULL
) ENGINE=InnoDB DEFAULT CHARSET=utf8mb4;

--
-- Dumping data for table `imageproducts`
--

INSERT INTO `imageproducts` (`id`, `product_id`, `image`) VALUES
(9, 8, '\\images\\products\\keycaps\\1.jpg'),
(10, 16, '\\images\\products\\keycaps\\8.jpg'),
(11, 17, '\\images\\products\\corsair\\K70 RGB MK.2 Mechanical Gaming Keyboard (2).webp'),
(12, 19, '\\images\\products\\corsair\\K63 Wireless Mechanical Gaming Keyboard (3).webp'),
(13, 22, '\\images\\products\\razer\\DareU EK1280s Pink White 2.jpg'),
(14, 23, '\\\\images\\\\products\\\\dareu\\\\DAREU EK87 2.jpg'),
(15, 23, '\\\\images\\\\products\\\\dareu\\\\DAREU EK87 3.jpg'),
(16, 22, '\\\\images\\\\products\\\\dareu\\\\DareU EK1280s Pink White 2.jpg'),
(17, 24, '\\images\\products\\logitech\\logitech g pro (2).jpg'),
(18, 24, '\\images\\products\\logitech\\logitech g pro (3).jpg'),
(19, 25, '\\images\\products\\logitech\\logitech g 815 (2).jpeg'),
(20, 20, '\\images\\products\\razer\\Razer black widow v3 (2).jpg'),
(21, 21, '\\images\\products\\razer\\Razer pro x.jpg'),
(22, 26, '\\images\\products\\keychron\\Keychron K2 wireless.webp'),
(23, 27, '\\images\\products\\keychron\\Keychron K8 (3).webp'),
(24, 28, '\\images\\products\\akko\\akko 3068 (2).jpg'),
(25, 28, '\\images\\products\\akko\\akko 3068 (3).jpg'),
(26, 29, '\\images\\products\\akko\\akko 3087 (2).jpg'),
(27, 30, '\\images\\products\\edra\\E-DRA EK384W Bluetooth 2.jpg'),
(28, 31, '\\images\\products\\edra\\E-Dra EK389 V2 2.jpg'),
(29, 32, '\\images\\products\\filco\\Filco Majestouch Convertible 2 Akakinsunako (2).jpg'),
(30, 32, '\\images\\products\\filco\\Filco Majestouch Convertible 2 Akakinsunako (3).jpg'),
(31, 33, '\\images\\products\\leopold\\Leopold FC980M PD White Grey (2).jpg'),
(32, 33, '\\images\\products\\leopold\\Leopold FC980M PD White Grey (3).jpg'),
(33, 37, '\\images\\products\\palm rest\\6 (2).jpg'),
(34, 35, '\\images\\products\\palm rest\\4 (2).jpg'),
(35, 36, '\\images\\products\\palm rest\\5 (2).jpg'),
(36, 34, '\\images\\products\\palm rest\\1 (2).jpg'),
(37, 38, '\\images\\products\\palm rest\\7 (2).jpg'),
(38, 39, '\\images\\products\\palm rest\\8 (2).jpg'),
(39, 45, '\\images\\products\\filco\\Filco Majestouch Minila-R Convertible Matte Black Seiji (2).jpg'),
(40, 45, '\\images\\products\\filco\\Filco Majestouch Minila-R Convertible Asagi Camouflage (2).jpg'),
(41, 47, '\\images\\products\\filco\\Filco Majestouch Minila-R Convertible Matte Black Seiji (2).jpg'),
(42, 47, '\\images\\products\\filco\\Filco Majestouch Minila-R Convertible Matte Black Seiji (3).jpg'),
(43, 48, '\\images\\products\\palm rest\\2.png'),
(44, 49, '\\images\\products\\leopold\\Leopold FC750R PD White DarkGray (2).jpg'),
(45, 50, '\\images\\products\\palm rest\\3 (2).jpg'),
(46, 52, '\\images\\products\\leopold\\Leopold FC660M PD White Blue Star (2).jpg'),
(47, 52, '\\images\\products\\leopold\\Leopold FC660M PD White Blue Star (3).jpg'),
(48, 46, '\\images\\products\\keycaps\\15 2.jpg'),
(49, 51, '\\images\\products\\keycaps\\12 (1).jpg'),
(50, 10, '\\images\\products\\keycaps\\2.jpg'),
(51, 11, '\\images\\products\\keycaps\\3.jpg'),
(52, 12, '\\images\\products\\keycaps\\4.jpg'),
(53, 13, '\\images\\products\\keycaps\\5.jpg'),
(54, 14, '\\images\\products\\keycaps\\6.jpg'),
(55, 15, '\\images\\products\\keycaps\\7.jpg'),
(56, 16, '\\images\\products\\keycaps\\8.jpg'),
(57, 40, '\\images\\products\\keycaps\\9.jpg'),
(58, 41, '\\images\\products\\keycaps\\10.jpg'),
(59, 42, '\\images\\products\\keycaps\\11.jpg'),
(60, 13, '\\images\\products\\keycaps\\13.jpg'),
(61, 44, '\\images\\products\\keycaps\\14.jpg');

-- --------------------------------------------------------

--
-- Table structure for table `orderitems`
--

CREATE TABLE `orderitems` (
  `id` bigint(20) NOT NULL,
  `order_id` bigint(20) DEFAULT NULL,
  `product_id` bigint(20) DEFAULT NULL,
  `quantity` bigint(20) DEFAULT NULL
) ENGINE=InnoDB DEFAULT CHARSET=utf8mb4;

--
-- Dumping data for table `orderitems`
--

INSERT INTO `orderitems` (`id`, `order_id`, `product_id`, `quantity`) VALUES
(1, 1, 52, 2),
(2, 1, 51, 1),
(3, 1, 49, 1);

-- --------------------------------------------------------

--
-- Table structure for table `orders`
--

CREATE TABLE `orders` (
  `id` bigint(20) NOT NULL,
  `user_id` bigint(20) DEFAULT NULL,
  `name` longtext DEFAULT NULL,
  `phone` bigint(20) DEFAULT NULL,
  `address` longtext DEFAULT NULL,
  `total_products` bigint(20) DEFAULT NULL,
  `price` bigint(20) DEFAULT NULL,
  `sale` bigint(20) DEFAULT NULL,
  `ship` bigint(20) DEFAULT NULL,
  `total_price` bigint(20) DEFAULT NULL
) ENGINE=InnoDB DEFAULT CHARSET=utf8mb4;

--
-- Dumping data for table `orders`
--

INSERT INTO `orders` (`id`, `user_id`, `name`, `phone`, `address`, `total_products`, `price`, `sale`, `ship`, `total_price`) VALUES
(1, 2, 'user', 987654345, 'sdgfhdfjgkuli', 4, 1993, 0, 0, 1993);

-- --------------------------------------------------------

--
-- Table structure for table `products`
--

CREATE TABLE `products` (
  `id` bigint(20) NOT NULL,
  `name` longtext DEFAULT NULL,
  `image` longtext DEFAULT NULL,
  `short_description` longtext DEFAULT NULL,
  `description` longtext DEFAULT NULL,
  `price` bigint(20) DEFAULT NULL,
  `sale_price` bigint(20) DEFAULT NULL,
  `brand_id` bigint(20) DEFAULT NULL,
  `category_id` bigint(20) DEFAULT NULL
) ENGINE=InnoDB DEFAULT CHARSET=utf8mb4;

--
-- Dumping data for table `products`
--

INSERT INTO `products` (`id`, `name`, `image`, `short_description`, `description`, `price`, `sale_price`, `brand_id`, `category_id`) VALUES
(8, 'Keycap 1', '\\images\\products\\keycaps\\1.jpg', 'High quality keycap from Keyholic with love !!!', 'Đặc điểm sản phẩm \\\\r\\\\nNút bàn phím hình bàn chân mèo, làm cho bàn phím của bạn trở nên thời trang hơn.\\\\r\\\\nChất liệu silicone và được xử lý bằng công nghệ dyesub, màu sắc tươi sáng và không dễ phai màu.\\\\r\\\\nSản phẩm tương thích với hầu hết các bàn phím bố cục tiêu chuẩn.\\\\r\\\\nChống ăn mòn, chịu nhiệt, không dễ chảy dầu, giữ được trạng thái ban đầu của nút.\\\\r\\\\nBền bỉ trong thời gian dài sử dụng, lắp đặt dễ dàng.\\\\r\\\\nGói hàng chỉ bao gồm nút bàn phím, không bao gồm bàn phím.', 10, 8, NULL, 2),
(10, 'Keycap2', '\\images\\products\\keycaps\\2.jpg', 'High quality keycap from Keyholic with love !!!', 'Đặc điểm sản phẩm \\r\\nNút bàn phím hình bàn chân mèo, làm cho bàn phím của bạn trở nên thời trang hơn.\\r\\nChất liệu silicone và được xử lý bằng công nghệ dyesub, màu sắc tươi sáng và không dễ phai màu.\\r\\nSản phẩm tương thích với hầu hết các bàn phím bố cục tiêu chuẩn.\\r\\nChống ăn mòn, chịu nhiệt, không dễ chảy dầu, giữ được trạng thái ban đầu của nút.\\r\\nBền bỉ trong thời gian dài sử dụng, lắp đặt dễ dàng.\\r\\nGói hàng chỉ bao gồm nút bàn phím, không bao gồm bàn phím.', 9, 8, NULL, 2),
(11, 'Keycap 3', '\\images\\products\\keycaps\\3.jpg', 'High quality keycap from Keyholic with love !!!', 'Đặc điểm sản phẩm \\r\\nNút bàn phím hình bàn chân mèo, làm cho bàn phím của bạn trở nên thời trang hơn.\\r\\nChất liệu silicone và được xử lý bằng công nghệ dyesub, màu sắc tươi sáng và không dễ phai màu.\\r\\nSản phẩm tương thích với hầu hết các bàn phím bố cục tiêu chuẩn.\\r\\nChống ăn mòn, chịu nhiệt, không dễ chảy dầu, giữ được trạng thái ban đầu của nút.\\r\\nBền bỉ trong thời gian dài sử dụng, lắp đặt dễ dàng.\\r\\nGói hàng chỉ bao gồm nút bàn phím, không bao gồm bàn phím.', 11, 7, NULL, 2),
(12, 'Keycap 4', '\\images\\products\\keycaps\\4.jpg', 'High quality keycap from Keyholic with love !!!', 'Đặc điểm sản phẩm \\r\\nNút bàn phím hình bàn chân mèo, làm cho bàn phím của bạn trở nên thời trang hơn.\\r\\nChất liệu silicone và được xử lý bằng công nghệ dyesub, màu sắc tươi sáng và không dễ phai màu.\\r\\nSản phẩm tương thích với hầu hết các bàn phím bố cục tiêu chuẩn.\\r\\nChống ăn mòn, chịu nhiệt, không dễ chảy dầu, giữ được trạng thái ban đầu của nút.\\r\\nBền bỉ trong thời gian dài sử dụng, lắp đặt dễ dàng.\\r\\nGói hàng chỉ bao gồm nút bàn phím, không bao gồm bàn phím.', 10, 7, NULL, 2),
(13, 'Keycap 5', '\\images\\products\\keycaps\\5.jpg', 'High quality keycap from Keyholic with love !!!', 'Đặc điểm sản phẩm \\r\\nNút bàn phím hình bàn chân mèo, làm cho bàn phím của bạn trở nên thời trang hơn.\\r\\nChất liệu silicone và được xử lý bằng công nghệ dyesub, màu sắc tươi sáng và không dễ phai màu.\\r\\nSản phẩm tương thích với hầu hết các bàn phím bố cục tiêu chuẩn.\\r\\nChống ăn mòn, chịu nhiệt, không dễ chảy dầu, giữ được trạng thái ban đầu của nút.\\r\\nBền bỉ trong thời gian dài sử dụng, lắp đặt dễ dàng.\\r\\nGói hàng chỉ bao gồm nút bàn phím, không bao gồm bàn phím.', 11, 8, NULL, 2),
(14, 'Keycap 6', '\\images\\products\\keycaps\\6.jpg', 'High quality keycap from Keyholic with love !!!', 'Đặc điểm sản phẩm \\r\\nNút bàn phím hình bàn chân mèo, làm cho bàn phím của bạn trở nên thời trang hơn.\\r\\nChất liệu silicone và được xử lý bằng công nghệ dyesub, màu sắc tươi sáng và không dễ phai màu.\\r\\nSản phẩm tương thích với hầu hết các bàn phím bố cục tiêu chuẩn.\\r\\nChống ăn mòn, chịu nhiệt, không dễ chảy dầu, giữ được trạng thái ban đầu của nút.\\r\\nBền bỉ trong thời gian dài sử dụng, lắp đặt dễ dàng.\\r\\nGói hàng chỉ bao gồm nút bàn phím, không bao gồm bàn phím.', 11, 10, NULL, 2),
(15, 'Keycap 7', '\\images\\products\\keycaps\\7.jpg', 'High quality keycap from Keyholic with love !!!', 'Đặc điểm sản phẩm \\r\\nNút bàn phím hình bàn chân mèo, làm cho bàn phím của bạn trở nên thời trang hơn.\\r\\nChất liệu silicone và được xử lý bằng công nghệ dyesub, màu sắc tươi sáng và không dễ phai màu.\\r\\nSản phẩm tương thích với hầu hết các bàn phím bố cục tiêu chuẩn.\\r\\nChống ăn mòn, chịu nhiệt, không dễ chảy dầu, giữ được trạng thái ban đầu của nút.\\r\\nBền bỉ trong thời gian dài sử dụng, lắp đặt dễ dàng.\\r\\nGói hàng chỉ bao gồm nút bàn phím, không bao gồm bàn phím.', 11, 7, NULL, 2),
(16, 'Keycap 8', '\\images\\products\\keycaps\\8.jpg', 'High quality keycap from Keyholic with love !!!', 'Đặc điểm sản phẩm \\r\\nNút bàn phím hình bàn chân mèo, làm cho bàn phím của bạn trở nên thời trang hơn.\\r\\nChất liệu silicone và được xử lý bằng công nghệ dyesub, màu sắc tươi sáng và không dễ phai màu.\\r\\nSản phẩm tương thích với hầu hết các bàn phím bố cục tiêu chuẩn.\\r\\nChống ăn mòn, chịu nhiệt, không dễ chảy dầu, giữ được trạng thái ban đầu của nút.\\r\\nBền bỉ trong thời gian dài sử dụng, lắp đặt dễ dàng.\\r\\nGói hàng chỉ bao gồm nút bàn phím, không bao gồm bàn phím.', 13, 11, NULL, 2),
(17, 'K70 RGB MK.2 Mechanical Gaming Keyboard', '\\images\\products\\corsair\\K70 RGB MK.2 Mechanical Gaming Keyboard.webp', 'High quality mechanical keyboard from Keyholic with love !!!', 'What is Lorem Ipsum?\r\nLorem Ipsum is simply dummy text of the printing and typesetting industry. Lorem Ipsum has been the industry\'s standard dummy text ever since the 1500s, when an unknown printer took a galley of type and scrambled it to make a type specimen book. It has survived not only five centuries, but also the leap into electronic typesetting, remaining essentially unchanged. It was popularised in the 1960s with the release of Letraset sheets containing Lorem Ipsum passages, and more recently with desktop publishing software like Aldus PageMaker including versions of Lorem Ipsum.\r\n\r\nWhy do we use it?\r\nIt is a long established fact that a reader will be distracted by the readable content of a page when looking at its layout. The point of using Lorem Ipsum is that it has a more-or-less normal distribution of letters, as opposed to using \'Content here, content here\', making it look like readable English. Many desktop publishing packages and web page editors now use Lorem Ipsum as their default model text, and a search for \'lorem ipsum\' will uncover many web sites still in their infancy. Various versions have evolved over the years, sometimes by accident, sometimes on purpose (injected humour and the like).\r\n\r\n', 200, 195, 4, 1),
(19, 'K63 Wireless Mechanical Gaming Keyboard', '\\images\\products\\corsair\\K63 Wireless Mechanical Gaming Keyboard.webp', 'High quality mechanical keyboard from Keyholic with love !!!', 'What is Lorem Ipsum?\r\nLorem Ipsum is simply dummy text of the printing and typesetting industry. Lorem Ipsum has been the industry\'s standard dummy text ever since the 1500s, when an unknown printer took a galley of type and scrambled it to make a type specimen book. It has survived not only five centuries, but also the leap into electronic typesetting, remaining essentially unchanged. It was popularised in the 1960s with the release of Letraset sheets containing Lorem Ipsum passages, and more recently with desktop publishing software like Aldus PageMaker including versions of Lorem Ipsum.\r\n\r\nWhy do we use it?\r\nIt is a long established fact that a reader will be distracted by the readable content of a page when looking at its layout. The point of using Lorem Ipsum is that it has a more-or-less normal distribution of letters, as opposed to using \'Content here, content here\', making it look like readable English. Many desktop publishing packages and web page editors now use Lorem Ipsum as their default model text, and a search for \'lorem ipsum\' will uncover many web sites still in their infancy. Various versions have evolved over the years, sometimes by accident, sometimes on purpose (injected humour and the like).\r\n\r\n', 275, 250, 4, 1),
(20, 'Razer black widow v3', '\\images\\products\\razer\\Razer black widow v3 (1).jpg', 'High quality mechanical keyboard from Keyholic with love !!!', 'What is Lorem Ipsum?\r\nLorem Ipsum is simply dummy text of the printing and typesetting industry. Lorem Ipsum has been the industry\'s standard dummy text ever since the 1500s, when an unknown printer took a galley of type and scrambled it to make a type specimen book. It has survived not only five centuries, but also the leap into electronic typesetting, remaining essentially unchanged. It was popularised in the 1960s with the release of Letraset sheets containing Lorem Ipsum passages, and more recently with desktop publishing software like Aldus PageMaker including versions of Lorem Ipsum.\r\n\r\nWhy do we use it?\r\nIt is a long established fact that a reader will be distracted by the readable content of a page when looking at its layout. The point of using Lorem Ipsum is that it has a more-or-less normal distribution of letters, as opposed to using \'Content here, content here\', making it look like readable English. Many desktop publishing packages and web page editors now use Lorem Ipsum as their default model text, and a search for \'lorem ipsum\' will uncover many web sites still in their infancy. Various versions have evolved over the years, sometimes by accident, sometimes on purpose (injected humour and the like).\r\n\r\n', 300, 275, 3, 1),
(21, 'Razer pro X', '\\images\\products\\razer\\Razer pro x.png', 'High quality mechanical keyboard from Keyholic with love !!!', 'Lorem ipsum dolor sit amet, consectetur adipiscing elit, sed do eiusmod tempor incididunt ut labore et dolore magna aliqua. Id aliquet lectus proin nibh nisl condimentum id venenatis. Ut morbi tincidunt augue interdum velit euismod in pellentesque. Pulvinar elementum integer enim neque volutpat ac tincidunt vitae. Pellentesque habitant morbi tristique senectus et netus. Id venenatis a condimentum vitae sapien pellentesque habitant morbi. Ornare arcu odio ut sem. Platea dictumst vestibulum rhoncus est pellentesque elit ullamcorper dignissim. Ultricies mi eget mauris pharetra et ultrices. Consectetur adipiscing elit duis tristique sollicitudin nibh sit amet commodo. Nunc non blandit massa enim. Massa tincidunt dui ut ornare lectus. Molestie a iaculis at erat. Imperdiet nulla malesuada pellentesque elit eget gravida cum sociis natoque. Nibh tortor id aliquet lectus proin nibh nisl condimentum id. Non tellus orci ac auctor augue. Et tortor consequat id porta nibh venenatis. Sit amet justo donec enim diam vulputate.\r\n\r\nMontes nascetur ridiculus mus mauris vitae ultricies leo integer malesuada. Duis ut diam quam nulla porttitor massa id. Adipiscing diam donec adipiscing tristique risus nec feugiat in fermentum. Mattis pellentesque id nibh tortor id. Ut porttitor leo a diam sollicitudin tempor id eu nisl. Eleifend mi in nulla posuere sollicitudin. Aliquam eleifend mi in nulla posuere sollicitudin. Facilisi cras fermentum odio eu feugiat pretium nibh ipsum. Gravida dictum fusce ut placerat orci. Lorem ipsum dolor sit amet consectetur adipiscing elit. Est sit amet facilisis magna etiam tempor orci. Quisque non tellus orci ac auctor. Convallis aenean et tortor at. Enim sit amet venenatis urna cursus eget nunc. Bibendum neque egestas congue quisque. Massa tempor nec feugiat nisl.\r\n\r\nPlatea dictumst quisque sagittis purus sit amet. Volutpat est velit egestas dui id ornare arcu. Fermentum leo vel orci porta. In fermentum posuere urna nec tincidunt praesent. Ac placerat vestibulum lectus mauris ultrices eros in cursus turpis. Eget dolor morbi non arcu. Tempus quam pellentesque nec nam aliquam sem et. Non quam lacus suspendisse faucibus interdum posuere. Ultrices tincidunt arcu non sodales neque sodales ut etiam. Eleifend mi in nulla posuere. In cursus turpis massa tincidunt dui ut ornare. Vitae auctor eu augue ut lectus. Aliquam sem et tortor consequat id porta. Ipsum dolor sit amet consectetur adipiscing elit. Consectetur adipiscing elit pellentesque habitant morbi tristique senectus et netus. Adipiscing elit ut aliquam purus. Egestas sed sed risus pretium quam vulputate dignissim suspendisse in.\r\n\r\nCursus eget nunc scelerisque viverra mauris. Et malesuada fames ac turpis egestas sed. Sed turpis tincidunt id aliquet risus feugiat in. Amet consectetur adipiscing elit ut aliquam. Orci dapibus ultrices in iaculis. Duis ultricies lacus sed turpis tincidunt id aliquet risus feugiat. Viverra mauris in aliquam sem fringilla ut morbi. Vestibulum sed arcu non odio euismod lacinia at. Pellentesque eu tincidunt tortor aliquam nulla facilisi cras. Feugiat sed lectus vestibulum mattis ullamcorper velit sed ullamcorper morbi. Nulla aliquet enim tortor at auctor urna nunc id cursus. Sit amet nisl purus in mollis. Nunc mi ipsum faucibus vitae aliquet. Nec ullamcorper sit amet risus nullam eget felis.\r\n\r\nScelerisque felis imperdiet proin fermentum leo. Sed tempus urna et pharetra pharetra massa massa ultricies. Pharetra sit amet aliquam id diam. Fermentum leo vel orci porta. Tortor condimentum lacinia quis vel eros donec ac. Eu augue ut lectus arcu. Quis auctor elit sed vulputate mi. Amet massa vitae tortor condimentum. Adipiscing bibendum est ultricies integer. Adipiscing commodo elit at imperdiet dui accumsan sit amet nulla. A arcu cursus vitae congue mauris rhoncus aenean vel elit. Vel pretium lectus quam id leo in. Orci nulla pellentesque dignissim enim sit amet venenatis urna cursus.', 170, 165, 3, 1),
(22, 'DareU EK1280s Pink White', '\\images\\products\\dareu\\DareU EK1280s Pink White.jpg', 'High quality mechanical keyboard from Keyholic with love !!!', 'Lorem ipsum dolor sit amet, consectetur adipiscing elit, sed do eiusmod tempor incididunt ut labore et dolore magna aliqua. Id aliquet lectus proin nibh nisl condimentum id venenatis. Ut morbi tincidunt augue interdum velit euismod in pellentesque. Pulvinar elementum integer enim neque volutpat ac tincidunt vitae. Pellentesque habitant morbi tristique senectus et netus. Id venenatis a condimentum vitae sapien pellentesque habitant morbi. Ornare arcu odio ut sem. Platea dictumst vestibulum rhoncus est pellentesque elit ullamcorper dignissim. Ultricies mi eget mauris pharetra et ultrices. Consectetur adipiscing elit duis tristique sollicitudin nibh sit amet commodo. Nunc non blandit massa enim. Massa tincidunt dui ut ornare lectus. Molestie a iaculis at erat. Imperdiet nulla malesuada pellentesque elit eget gravida cum sociis natoque. Nibh tortor id aliquet lectus proin nibh nisl condimentum id. Non tellus orci ac auctor augue. Et tortor consequat id porta nibh venenatis. Sit amet justo donec enim diam vulputate.\r\n\r\nMontes nascetur ridiculus mus mauris vitae ultricies leo integer malesuada. Duis ut diam quam nulla porttitor massa id. Adipiscing diam donec adipiscing tristique risus nec feugiat in fermentum. Mattis pellentesque id nibh tortor id. Ut porttitor leo a diam sollicitudin tempor id eu nisl. Eleifend mi in nulla posuere sollicitudin. Aliquam eleifend mi in nulla posuere sollicitudin. Facilisi cras fermentum odio eu feugiat pretium nibh ipsum. Gravida dictum fusce ut placerat orci. Lorem ipsum dolor sit amet consectetur adipiscing elit. Est sit amet facilisis magna etiam tempor orci. Quisque non tellus orci ac auctor. Convallis aenean et tortor at. Enim sit amet venenatis urna cursus eget nunc. Bibendum neque egestas congue quisque. Massa tempor nec feugiat nisl.\r\n\r\nPlatea dictumst quisque sagittis purus sit amet. Volutpat est velit egestas dui id ornare arcu. Fermentum leo vel orci porta. In fermentum posuere urna nec tincidunt praesent. Ac placerat vestibulum lectus mauris ultrices eros in cursus turpis. Eget dolor morbi non arcu. Tempus quam pellentesque nec nam aliquam sem et. Non quam lacus suspendisse faucibus interdum posuere. Ultrices tincidunt arcu non sodales neque sodales ut etiam. Eleifend mi in nulla posuere. In cursus turpis massa tincidunt dui ut ornare. Vitae auctor eu augue ut lectus. Aliquam sem et tortor consequat id porta. Ipsum dolor sit amet consectetur adipiscing elit. Consectetur adipiscing elit pellentesque habitant morbi tristique senectus et netus. Adipiscing elit ut aliquam purus. Egestas sed sed risus pretium quam vulputate dignissim suspendisse in.\r\n\r\nCursus eget nunc scelerisque viverra mauris. Et malesuada fames ac turpis egestas sed. Sed turpis tincidunt id aliquet risus feugiat in. Amet consectetur adipiscing elit ut aliquam. Orci dapibus ultrices in iaculis. Duis ultricies lacus sed turpis tincidunt id aliquet risus feugiat. Viverra mauris in aliquam sem fringilla ut morbi. Vestibulum sed arcu non odio euismod lacinia at. Pellentesque eu tincidunt tortor aliquam nulla facilisi cras. Feugiat sed lectus vestibulum mattis ullamcorper velit sed ullamcorper morbi. Nulla aliquet enim tortor at auctor urna nunc id cursus. Sit amet nisl purus in mollis. Nunc mi ipsum faucibus vitae aliquet. Nec ullamcorper sit amet risus nullam eget felis.\r\n\r\nScelerisque felis imperdiet proin fermentum leo. Sed tempus urna et pharetra pharetra massa massa ultricies. Pharetra sit amet aliquam id diam. Fermentum leo vel orci porta. Tortor condimentum lacinia quis vel eros donec ac. Eu augue ut lectus arcu. Quis auctor elit sed vulputate mi. Amet massa vitae tortor condimentum. Adipiscing bibendum est ultricies integer. Adipiscing commodo elit at imperdiet dui accumsan sit amet nulla. A arcu cursus vitae congue mauris rhoncus aenean vel elit. Vel pretium lectus quam id leo in. Orci nulla pellentesque dignissim enim sit amet venenatis urna cursus.', 100, 99, 9, 1),
(23, 'DAREU EK87', '\\images\\products\\dareu\\DAREU EK87.jpg', 'High quality mechanical keyboard from Keyholic with love !!!', 'Lorem ipsum dolor sit amet, consectetur adipiscing elit, sed do eiusmod tempor incididunt ut labore et dolore magna aliqua. Id aliquet lectus proin nibh nisl condimentum id venenatis. Ut morbi tincidunt augue interdum velit euismod in pellentesque. Pulvinar elementum integer enim neque volutpat ac tincidunt vitae. Pellentesque habitant morbi tristique senectus et netus. Id venenatis a condimentum vitae sapien pellentesque habitant morbi. Ornare arcu odio ut sem. Platea dictumst vestibulum rhoncus est pellentesque elit ullamcorper dignissim. Ultricies mi eget mauris pharetra et ultrices. Consectetur adipiscing elit duis tristique sollicitudin nibh sit amet commodo. Nunc non blandit massa enim. Massa tincidunt dui ut ornare lectus. Molestie a iaculis at erat. Imperdiet nulla malesuada pellentesque elit eget gravida cum sociis natoque. Nibh tortor id aliquet lectus proin nibh nisl condimentum id. Non tellus orci ac auctor augue. Et tortor consequat id porta nibh venenatis. Sit amet justo donec enim diam vulputate.\r\n\r\nMontes nascetur ridiculus mus mauris vitae ultricies leo integer malesuada. Duis ut diam quam nulla porttitor massa id. Adipiscing diam donec adipiscing tristique risus nec feugiat in fermentum. Mattis pellentesque id nibh tortor id. Ut porttitor leo a diam sollicitudin tempor id eu nisl. Eleifend mi in nulla posuere sollicitudin. Aliquam eleifend mi in nulla posuere sollicitudin. Facilisi cras fermentum odio eu feugiat pretium nibh ipsum. Gravida dictum fusce ut placerat orci. Lorem ipsum dolor sit amet consectetur adipiscing elit. Est sit amet facilisis magna etiam tempor orci. Quisque non tellus orci ac auctor. Convallis aenean et tortor at. Enim sit amet venenatis urna cursus eget nunc. Bibendum neque egestas congue quisque. Massa tempor nec feugiat nisl.\r\n\r\nPlatea dictumst quisque sagittis purus sit amet. Volutpat est velit egestas dui id ornare arcu. Fermentum leo vel orci porta. In fermentum posuere urna nec tincidunt praesent. Ac placerat vestibulum lectus mauris ultrices eros in cursus turpis. Eget dolor morbi non arcu. Tempus quam pellentesque nec nam aliquam sem et. Non quam lacus suspendisse faucibus interdum posuere. Ultrices tincidunt arcu non sodales neque sodales ut etiam. Eleifend mi in nulla posuere. In cursus turpis massa tincidunt dui ut ornare. Vitae auctor eu augue ut lectus. Aliquam sem et tortor consequat id porta. Ipsum dolor sit amet consectetur adipiscing elit. Consectetur adipiscing elit pellentesque habitant morbi tristique senectus et netus. Adipiscing elit ut aliquam purus. Egestas sed sed risus pretium quam vulputate dignissim suspendisse in.\r\n\r\nCursus eget nunc scelerisque viverra mauris. Et malesuada fames ac turpis egestas sed. Sed turpis tincidunt id aliquet risus feugiat in. Amet consectetur adipiscing elit ut aliquam. Orci dapibus ultrices in iaculis. Duis ultricies lacus sed turpis tincidunt id aliquet risus feugiat. Viverra mauris in aliquam sem fringilla ut morbi. Vestibulum sed arcu non odio euismod lacinia at. Pellentesque eu tincidunt tortor aliquam nulla facilisi cras. Feugiat sed lectus vestibulum mattis ullamcorper velit sed ullamcorper morbi. Nulla aliquet enim tortor at auctor urna nunc id cursus. Sit amet nisl purus in mollis. Nunc mi ipsum faucibus vitae aliquet. Nec ullamcorper sit amet risus nullam eget felis.\r\n\r\nScelerisque felis imperdiet proin fermentum leo. Sed tempus urna et pharetra pharetra massa massa ultricies. Pharetra sit amet aliquam id diam. Fermentum leo vel orci porta. Tortor condimentum lacinia quis vel eros donec ac. Eu augue ut lectus arcu. Quis auctor elit sed vulputate mi. Amet massa vitae tortor condimentum. Adipiscing bibendum est ultricies integer. Adipiscing commodo elit at imperdiet dui accumsan sit amet nulla. A arcu cursus vitae congue mauris rhoncus aenean vel elit. Vel pretium lectus quam id leo in. Orci nulla pellentesque dignissim enim sit amet venenatis urna cursus.', 80, 75, 9, 1),
(24, 'logitech g pro', '\\images\\products\\logitech\\logitech g pro (1).jpg', 'High quality mechanical keyboard from Keyholic with love !!!', 'Lorem ipsum dolor sit amet, consectetur adipiscing elit, sed do eiusmod tempor incididunt ut labore et dolore magna aliqua. Id aliquet lectus proin nibh nisl condimentum id venenatis. Ut morbi tincidunt augue interdum velit euismod in pellentesque. Pulvinar elementum integer enim neque volutpat ac tincidunt vitae. Pellentesque habitant morbi tristique senectus et netus. Id venenatis a condimentum vitae sapien pellentesque habitant morbi. Ornare arcu odio ut sem. Platea dictumst vestibulum rhoncus est pellentesque elit ullamcorper dignissim. Ultricies mi eget mauris pharetra et ultrices. Consectetur adipiscing elit duis tristique sollicitudin nibh sit amet commodo. Nunc non blandit massa enim. Massa tincidunt dui ut ornare lectus. Molestie a iaculis at erat. Imperdiet nulla malesuada pellentesque elit eget gravida cum sociis natoque. Nibh tortor id aliquet lectus proin nibh nisl condimentum id. Non tellus orci ac auctor augue. Et tortor consequat id porta nibh venenatis. Sit amet justo donec enim diam vulputate.\r\n\r\nMontes nascetur ridiculus mus mauris vitae ultricies leo integer malesuada. Duis ut diam quam nulla porttitor massa id. Adipiscing diam donec adipiscing tristique risus nec feugiat in fermentum. Mattis pellentesque id nibh tortor id. Ut porttitor leo a diam sollicitudin tempor id eu nisl. Eleifend mi in nulla posuere sollicitudin. Aliquam eleifend mi in nulla posuere sollicitudin. Facilisi cras fermentum odio eu feugiat pretium nibh ipsum. Gravida dictum fusce ut placerat orci. Lorem ipsum dolor sit amet consectetur adipiscing elit. Est sit amet facilisis magna etiam tempor orci. Quisque non tellus orci ac auctor. Convallis aenean et tortor at. Enim sit amet venenatis urna cursus eget nunc. Bibendum neque egestas congue quisque. Massa tempor nec feugiat nisl.\r\n\r\nPlatea dictumst quisque sagittis purus sit amet. Volutpat est velit egestas dui id ornare arcu. Fermentum leo vel orci porta. In fermentum posuere urna nec tincidunt praesent. Ac placerat vestibulum lectus mauris ultrices eros in cursus turpis. Eget dolor morbi non arcu. Tempus quam pellentesque nec nam aliquam sem et. Non quam lacus suspendisse faucibus interdum posuere. Ultrices tincidunt arcu non sodales neque sodales ut etiam. Eleifend mi in nulla posuere. In cursus turpis massa tincidunt dui ut ornare. Vitae auctor eu augue ut lectus. Aliquam sem et tortor consequat id porta. Ipsum dolor sit amet consectetur adipiscing elit. Consectetur adipiscing elit pellentesque habitant morbi tristique senectus et netus. Adipiscing elit ut aliquam purus. Egestas sed sed risus pretium quam vulputate dignissim suspendisse in.\r\n\r\nCursus eget nunc scelerisque viverra mauris. Et malesuada fames ac turpis egestas sed. Sed turpis tincidunt id aliquet risus feugiat in. Amet consectetur adipiscing elit ut aliquam. Orci dapibus ultrices in iaculis. Duis ultricies lacus sed turpis tincidunt id aliquet risus feugiat. Viverra mauris in aliquam sem fringilla ut morbi. Vestibulum sed arcu non odio euismod lacinia at. Pellentesque eu tincidunt tortor aliquam nulla facilisi cras. Feugiat sed lectus vestibulum mattis ullamcorper velit sed ullamcorper morbi. Nulla aliquet enim tortor at auctor urna nunc id cursus. Sit amet nisl purus in mollis. Nunc mi ipsum faucibus vitae aliquet. Nec ullamcorper sit amet risus nullam eget felis.\r\n\r\nScelerisque felis imperdiet proin fermentum leo. Sed tempus urna et pharetra pharetra massa massa ultricies. Pharetra sit amet aliquam id diam. Fermentum leo vel orci porta. Tortor condimentum lacinia quis vel eros donec ac. Eu augue ut lectus arcu. Quis auctor elit sed vulputate mi. Amet massa vitae tortor condimentum. Adipiscing bibendum est ultricies integer. Adipiscing commodo elit at imperdiet dui accumsan sit amet nulla. A arcu cursus vitae congue mauris rhoncus aenean vel elit. Vel pretium lectus quam id leo in. Orci nulla pellentesque dignissim enim sit amet venenatis urna cursus.', 200, 199, 5, 1),
(25, 'logitech g 815', '\\images\\products\\logitech\\logitech g 815 (1).jpeg', 'High quality mechanical keyboard from Keyholic with love !!!', 'Lorem ipsum dolor sit amet, consectetur adipiscing elit, sed do eiusmod tempor incididunt ut labore et dolore magna aliqua. Id aliquet lectus proin nibh nisl condimentum id venenatis. Ut morbi tincidunt augue interdum velit euismod in pellentesque. Pulvinar elementum integer enim neque volutpat ac tincidunt vitae. Pellentesque habitant morbi tristique senectus et netus. Id venenatis a condimentum vitae sapien pellentesque habitant morbi. Ornare arcu odio ut sem. Platea dictumst vestibulum rhoncus est pellentesque elit ullamcorper dignissim. Ultricies mi eget mauris pharetra et ultrices. Consectetur adipiscing elit duis tristique sollicitudin nibh sit amet commodo. Nunc non blandit massa enim. Massa tincidunt dui ut ornare lectus. Molestie a iaculis at erat. Imperdiet nulla malesuada pellentesque elit eget gravida cum sociis natoque. Nibh tortor id aliquet lectus proin nibh nisl condimentum id. Non tellus orci ac auctor augue. Et tortor consequat id porta nibh venenatis. Sit amet justo donec enim diam vulputate.\r\n\r\nMontes nascetur ridiculus mus mauris vitae ultricies leo integer malesuada. Duis ut diam quam nulla porttitor massa id. Adipiscing diam donec adipiscing tristique risus nec feugiat in fermentum. Mattis pellentesque id nibh tortor id. Ut porttitor leo a diam sollicitudin tempor id eu nisl. Eleifend mi in nulla posuere sollicitudin. Aliquam eleifend mi in nulla posuere sollicitudin. Facilisi cras fermentum odio eu feugiat pretium nibh ipsum. Gravida dictum fusce ut placerat orci. Lorem ipsum dolor sit amet consectetur adipiscing elit. Est sit amet facilisis magna etiam tempor orci. Quisque non tellus orci ac auctor. Convallis aenean et tortor at. Enim sit amet venenatis urna cursus eget nunc. Bibendum neque egestas congue quisque. Massa tempor nec feugiat nisl.\r\n\r\nPlatea dictumst quisque sagittis purus sit amet. Volutpat est velit egestas dui id ornare arcu. Fermentum leo vel orci porta. In fermentum posuere urna nec tincidunt praesent. Ac placerat vestibulum lectus mauris ultrices eros in cursus turpis. Eget dolor morbi non arcu. Tempus quam pellentesque nec nam aliquam sem et. Non quam lacus suspendisse faucibus interdum posuere. Ultrices tincidunt arcu non sodales neque sodales ut etiam. Eleifend mi in nulla posuere. In cursus turpis massa tincidunt dui ut ornare. Vitae auctor eu augue ut lectus. Aliquam sem et tortor consequat id porta. Ipsum dolor sit amet consectetur adipiscing elit. Consectetur adipiscing elit pellentesque habitant morbi tristique senectus et netus. Adipiscing elit ut aliquam purus. Egestas sed sed risus pretium quam vulputate dignissim suspendisse in.\r\n\r\nCursus eget nunc scelerisque viverra mauris. Et malesuada fames ac turpis egestas sed. Sed turpis tincidunt id aliquet risus feugiat in. Amet consectetur adipiscing elit ut aliquam. Orci dapibus ultrices in iaculis. Duis ultricies lacus sed turpis tincidunt id aliquet risus feugiat. Viverra mauris in aliquam sem fringilla ut morbi. Vestibulum sed arcu non odio euismod lacinia at. Pellentesque eu tincidunt tortor aliquam nulla facilisi cras. Feugiat sed lectus vestibulum mattis ullamcorper velit sed ullamcorper morbi. Nulla aliquet enim tortor at auctor urna nunc id cursus. Sit amet nisl purus in mollis. Nunc mi ipsum faucibus vitae aliquet. Nec ullamcorper sit amet risus nullam eget felis.\r\n\r\nScelerisque felis imperdiet proin fermentum leo. Sed tempus urna et pharetra pharetra massa massa ultricies. Pharetra sit amet aliquam id diam. Fermentum leo vel orci porta. Tortor condimentum lacinia quis vel eros donec ac. Eu augue ut lectus arcu. Quis auctor elit sed vulputate mi. Amet massa vitae tortor condimentum. Adipiscing bibendum est ultricies integer. Adipiscing commodo elit at imperdiet dui accumsan sit amet nulla. A arcu cursus vitae congue mauris rhoncus aenean vel elit. Vel pretium lectus quam id leo in. Orci nulla pellentesque dignissim enim sit amet venenatis urna cursus.', 220, 200, 5, 1),
(26, 'Keychron K2 wireless', '\\images\\products\\keychron\\Keychron K2 wireless.jpg', 'High quality mechanical keyboard from Keyholic with love !!!', 'Lorem ipsum dolor sit amet, consectetur adipiscing elit, sed do eiusmod tempor incididunt ut labore et dolore magna aliqua. Id aliquet lectus proin nibh nisl condimentum id venenatis. Ut morbi tincidunt augue interdum velit euismod in pellentesque. Pulvinar elementum integer enim neque volutpat ac tincidunt vitae. Pellentesque habitant morbi tristique senectus et netus. Id venenatis a condimentum vitae sapien pellentesque habitant morbi. Ornare arcu odio ut sem. Platea dictumst vestibulum rhoncus est pellentesque elit ullamcorper dignissim. Ultricies mi eget mauris pharetra et ultrices. Consectetur adipiscing elit duis tristique sollicitudin nibh sit amet commodo. Nunc non blandit massa enim. Massa tincidunt dui ut ornare lectus. Molestie a iaculis at erat. Imperdiet nulla malesuada pellentesque elit eget gravida cum sociis natoque. Nibh tortor id aliquet lectus proin nibh nisl condimentum id. Non tellus orci ac auctor augue. Et tortor consequat id porta nibh venenatis. Sit amet justo donec enim diam vulputate.\r\n\r\nMontes nascetur ridiculus mus mauris vitae ultricies leo integer malesuada. Duis ut diam quam nulla porttitor massa id. Adipiscing diam donec adipiscing tristique risus nec feugiat in fermentum. Mattis pellentesque id nibh tortor id. Ut porttitor leo a diam sollicitudin tempor id eu nisl. Eleifend mi in nulla posuere sollicitudin. Aliquam eleifend mi in nulla posuere sollicitudin. Facilisi cras fermentum odio eu feugiat pretium nibh ipsum. Gravida dictum fusce ut placerat orci. Lorem ipsum dolor sit amet consectetur adipiscing elit. Est sit amet facilisis magna etiam tempor orci. Quisque non tellus orci ac auctor. Convallis aenean et tortor at. Enim sit amet venenatis urna cursus eget nunc. Bibendum neque egestas congue quisque. Massa tempor nec feugiat nisl.\r\n\r\nPlatea dictumst quisque sagittis purus sit amet. Volutpat est velit egestas dui id ornare arcu. Fermentum leo vel orci porta. In fermentum posuere urna nec tincidunt praesent. Ac placerat vestibulum lectus mauris ultrices eros in cursus turpis. Eget dolor morbi non arcu. Tempus quam pellentesque nec nam aliquam sem et. Non quam lacus suspendisse faucibus interdum posuere. Ultrices tincidunt arcu non sodales neque sodales ut etiam. Eleifend mi in nulla posuere. In cursus turpis massa tincidunt dui ut ornare. Vitae auctor eu augue ut lectus. Aliquam sem et tortor consequat id porta. Ipsum dolor sit amet consectetur adipiscing elit. Consectetur adipiscing elit pellentesque habitant morbi tristique senectus et netus. Adipiscing elit ut aliquam purus. Egestas sed sed risus pretium quam vulputate dignissim suspendisse in.\r\n\r\nCursus eget nunc scelerisque viverra mauris. Et malesuada fames ac turpis egestas sed. Sed turpis tincidunt id aliquet risus feugiat in. Amet consectetur adipiscing elit ut aliquam. Orci dapibus ultrices in iaculis. Duis ultricies lacus sed turpis tincidunt id aliquet risus feugiat. Viverra mauris in aliquam sem fringilla ut morbi. Vestibulum sed arcu non odio euismod lacinia at. Pellentesque eu tincidunt tortor aliquam nulla facilisi cras. Feugiat sed lectus vestibulum mattis ullamcorper velit sed ullamcorper morbi. Nulla aliquet enim tortor at auctor urna nunc id cursus. Sit amet nisl purus in mollis. Nunc mi ipsum faucibus vitae aliquet. Nec ullamcorper sit amet risus nullam eget felis.\r\n\r\nScelerisque felis imperdiet proin fermentum leo. Sed tempus urna et pharetra pharetra massa massa ultricies. Pharetra sit amet aliquam id diam. Fermentum leo vel orci porta. Tortor condimentum lacinia quis vel eros donec ac. Eu augue ut lectus arcu. Quis auctor elit sed vulputate mi. Amet massa vitae tortor condimentum. Adipiscing bibendum est ultricies integer. Adipiscing commodo elit at imperdiet dui accumsan sit amet nulla. A arcu cursus vitae congue mauris rhoncus aenean vel elit. Vel pretium lectus quam id leo in. Orci nulla pellentesque dignissim enim sit amet venenatis urna cursus.', 200, 190, 6, 1),
(27, 'Keychron K8 (2)', '\\images\\products\\keychron\\Keychron K8 (2).webp', 'High quality mechanical keyboard from Keyholic with love !!!', 'Lorem ipsum dolor sit amet, consectetur adipiscing elit, sed do eiusmod tempor incididunt ut labore et dolore magna aliqua. Id aliquet lectus proin nibh nisl condimentum id venenatis. Ut morbi tincidunt augue interdum velit euismod in pellentesque. Pulvinar elementum integer enim neque volutpat ac tincidunt vitae. Pellentesque habitant morbi tristique senectus et netus. Id venenatis a condimentum vitae sapien pellentesque habitant morbi. Ornare arcu odio ut sem. Platea dictumst vestibulum rhoncus est pellentesque elit ullamcorper dignissim. Ultricies mi eget mauris pharetra et ultrices. Consectetur adipiscing elit duis tristique sollicitudin nibh sit amet commodo. Nunc non blandit massa enim. Massa tincidunt dui ut ornare lectus. Molestie a iaculis at erat. Imperdiet nulla malesuada pellentesque elit eget gravida cum sociis natoque. Nibh tortor id aliquet lectus proin nibh nisl condimentum id. Non tellus orci ac auctor augue. Et tortor consequat id porta nibh venenatis. Sit amet justo donec enim diam vulputate.\r\n\r\nMontes nascetur ridiculus mus mauris vitae ultricies leo integer malesuada. Duis ut diam quam nulla porttitor massa id. Adipiscing diam donec adipiscing tristique risus nec feugiat in fermentum. Mattis pellentesque id nibh tortor id. Ut porttitor leo a diam sollicitudin tempor id eu nisl. Eleifend mi in nulla posuere sollicitudin. Aliquam eleifend mi in nulla posuere sollicitudin. Facilisi cras fermentum odio eu feugiat pretium nibh ipsum. Gravida dictum fusce ut placerat orci. Lorem ipsum dolor sit amet consectetur adipiscing elit. Est sit amet facilisis magna etiam tempor orci. Quisque non tellus orci ac auctor. Convallis aenean et tortor at. Enim sit amet venenatis urna cursus eget nunc. Bibendum neque egestas congue quisque. Massa tempor nec feugiat nisl.\r\n\r\nPlatea dictumst quisque sagittis purus sit amet. Volutpat est velit egestas dui id ornare arcu. Fermentum leo vel orci porta. In fermentum posuere urna nec tincidunt praesent. Ac placerat vestibulum lectus mauris ultrices eros in cursus turpis. Eget dolor morbi non arcu. Tempus quam pellentesque nec nam aliquam sem et. Non quam lacus suspendisse faucibus interdum posuere. Ultrices tincidunt arcu non sodales neque sodales ut etiam. Eleifend mi in nulla posuere. In cursus turpis massa tincidunt dui ut ornare. Vitae auctor eu augue ut lectus. Aliquam sem et tortor consequat id porta. Ipsum dolor sit amet consectetur adipiscing elit. Consectetur adipiscing elit pellentesque habitant morbi tristique senectus et netus. Adipiscing elit ut aliquam purus. Egestas sed sed risus pretium quam vulputate dignissim suspendisse in.\r\n\r\nCursus eget nunc scelerisque viverra mauris. Et malesuada fames ac turpis egestas sed. Sed turpis tincidunt id aliquet risus feugiat in. Amet consectetur adipiscing elit ut aliquam. Orci dapibus ultrices in iaculis. Duis ultricies lacus sed turpis tincidunt id aliquet risus feugiat. Viverra mauris in aliquam sem fringilla ut morbi. Vestibulum sed arcu non odio euismod lacinia at. Pellentesque eu tincidunt tortor aliquam nulla facilisi cras. Feugiat sed lectus vestibulum mattis ullamcorper velit sed ullamcorper morbi. Nulla aliquet enim tortor at auctor urna nunc id cursus. Sit amet nisl purus in mollis. Nunc mi ipsum faucibus vitae aliquet. Nec ullamcorper sit amet risus nullam eget felis.\r\n\r\nScelerisque felis imperdiet proin fermentum leo. Sed tempus urna et pharetra pharetra massa massa ultricies. Pharetra sit amet aliquam id diam. Fermentum leo vel orci porta. Tortor condimentum lacinia quis vel eros donec ac. Eu augue ut lectus arcu. Quis auctor elit sed vulputate mi. Amet massa vitae tortor condimentum. Adipiscing bibendum est ultricies integer. Adipiscing commodo elit at imperdiet dui accumsan sit amet nulla. A arcu cursus vitae congue mauris rhoncus aenean vel elit. Vel pretium lectus quam id leo in. Orci nulla pellentesque dignissim enim sit amet venenatis urna cursus.', 249, 230, 6, 1),
(28, 'akko 3068', '\\images\\products\\akko\\akko 3068 (1).jpg', 'High quality mechanical keyboard from Keyholic with love !!!', 'Lorem ipsum dolor sit amet, consectetur adipiscing elit, sed do eiusmod tempor incididunt ut labore et dolore magna aliqua. Id aliquet lectus proin nibh nisl condimentum id venenatis. Ut morbi tincidunt augue interdum velit euismod in pellentesque. Pulvinar elementum integer enim neque volutpat ac tincidunt vitae. Pellentesque habitant morbi tristique senectus et netus. Id venenatis a condimentum vitae sapien pellentesque habitant morbi. Ornare arcu odio ut sem. Platea dictumst vestibulum rhoncus est pellentesque elit ullamcorper dignissim. Ultricies mi eget mauris pharetra et ultrices. Consectetur adipiscing elit duis tristique sollicitudin nibh sit amet commodo. Nunc non blandit massa enim. Massa tincidunt dui ut ornare lectus. Molestie a iaculis at erat. Imperdiet nulla malesuada pellentesque elit eget gravida cum sociis natoque. Nibh tortor id aliquet lectus proin nibh nisl condimentum id. Non tellus orci ac auctor augue. Et tortor consequat id porta nibh venenatis. Sit amet justo donec enim diam vulputate.\r\n\r\nMontes nascetur ridiculus mus mauris vitae ultricies leo integer malesuada. Duis ut diam quam nulla porttitor massa id. Adipiscing diam donec adipiscing tristique risus nec feugiat in fermentum. Mattis pellentesque id nibh tortor id. Ut porttitor leo a diam sollicitudin tempor id eu nisl. Eleifend mi in nulla posuere sollicitudin. Aliquam eleifend mi in nulla posuere sollicitudin. Facilisi cras fermentum odio eu feugiat pretium nibh ipsum. Gravida dictum fusce ut placerat orci. Lorem ipsum dolor sit amet consectetur adipiscing elit. Est sit amet facilisis magna etiam tempor orci. Quisque non tellus orci ac auctor. Convallis aenean et tortor at. Enim sit amet venenatis urna cursus eget nunc. Bibendum neque egestas congue quisque. Massa tempor nec feugiat nisl.\r\n\r\nPlatea dictumst quisque sagittis purus sit amet. Volutpat est velit egestas dui id ornare arcu. Fermentum leo vel orci porta. In fermentum posuere urna nec tincidunt praesent. Ac placerat vestibulum lectus mauris ultrices eros in cursus turpis. Eget dolor morbi non arcu. Tempus quam pellentesque nec nam aliquam sem et. Non quam lacus suspendisse faucibus interdum posuere. Ultrices tincidunt arcu non sodales neque sodales ut etiam. Eleifend mi in nulla posuere. In cursus turpis massa tincidunt dui ut ornare. Vitae auctor eu augue ut lectus. Aliquam sem et tortor consequat id porta. Ipsum dolor sit amet consectetur adipiscing elit. Consectetur adipiscing elit pellentesque habitant morbi tristique senectus et netus. Adipiscing elit ut aliquam purus. Egestas sed sed risus pretium quam vulputate dignissim suspendisse in.\r\n\r\nCursus eget nunc scelerisque viverra mauris. Et malesuada fames ac turpis egestas sed. Sed turpis tincidunt id aliquet risus feugiat in. Amet consectetur adipiscing elit ut aliquam. Orci dapibus ultrices in iaculis. Duis ultricies lacus sed turpis tincidunt id aliquet risus feugiat. Viverra mauris in aliquam sem fringilla ut morbi. Vestibulum sed arcu non odio euismod lacinia at. Pellentesque eu tincidunt tortor aliquam nulla facilisi cras. Feugiat sed lectus vestibulum mattis ullamcorper velit sed ullamcorper morbi. Nulla aliquet enim tortor at auctor urna nunc id cursus. Sit amet nisl purus in mollis. Nunc mi ipsum faucibus vitae aliquet. Nec ullamcorper sit amet risus nullam eget felis.\r\n\r\nScelerisque felis imperdiet proin fermentum leo. Sed tempus urna et pharetra pharetra massa massa ultricies. Pharetra sit amet aliquam id diam. Fermentum leo vel orci porta. Tortor condimentum lacinia quis vel eros donec ac. Eu augue ut lectus arcu. Quis auctor elit sed vulputate mi. Amet massa vitae tortor condimentum. Adipiscing bibendum est ultricies integer. Adipiscing commodo elit at imperdiet dui accumsan sit amet nulla. A arcu cursus vitae congue mauris rhoncus aenean vel elit. Vel pretium lectus quam id leo in. Orci nulla pellentesque dignissim enim sit amet venenatis urna cursus.', 80, 69, 7, 1),
(29, 'akko 3087', '\\images\\products\\akko\\akko 3087 (1).jpg', 'High quality mechanical keyboard from Keyholic with love !!!', 'Lorem ipsum dolor sit amet, consectetur adipiscing elit, sed do eiusmod tempor incididunt ut labore et dolore magna aliqua. Id aliquet lectus proin nibh nisl condimentum id venenatis. Ut morbi tincidunt augue interdum velit euismod in pellentesque. Pulvinar elementum integer enim neque volutpat ac tincidunt vitae. Pellentesque habitant morbi tristique senectus et netus. Id venenatis a condimentum vitae sapien pellentesque habitant morbi. Ornare arcu odio ut sem. Platea dictumst vestibulum rhoncus est pellentesque elit ullamcorper dignissim. Ultricies mi eget mauris pharetra et ultrices. Consectetur adipiscing elit duis tristique sollicitudin nibh sit amet commodo. Nunc non blandit massa enim. Massa tincidunt dui ut ornare lectus. Molestie a iaculis at erat. Imperdiet nulla malesuada pellentesque elit eget gravida cum sociis natoque. Nibh tortor id aliquet lectus proin nibh nisl condimentum id. Non tellus orci ac auctor augue. Et tortor consequat id porta nibh venenatis. Sit amet justo donec enim diam vulputate.\r\n\r\nMontes nascetur ridiculus mus mauris vitae ultricies leo integer malesuada. Duis ut diam quam nulla porttitor massa id. Adipiscing diam donec adipiscing tristique risus nec feugiat in fermentum. Mattis pellentesque id nibh tortor id. Ut porttitor leo a diam sollicitudin tempor id eu nisl. Eleifend mi in nulla posuere sollicitudin. Aliquam eleifend mi in nulla posuere sollicitudin. Facilisi cras fermentum odio eu feugiat pretium nibh ipsum. Gravida dictum fusce ut placerat orci. Lorem ipsum dolor sit amet consectetur adipiscing elit. Est sit amet facilisis magna etiam tempor orci. Quisque non tellus orci ac auctor. Convallis aenean et tortor at. Enim sit amet venenatis urna cursus eget nunc. Bibendum neque egestas congue quisque. Massa tempor nec feugiat nisl.\r\n\r\nPlatea dictumst quisque sagittis purus sit amet. Volutpat est velit egestas dui id ornare arcu. Fermentum leo vel orci porta. In fermentum posuere urna nec tincidunt praesent. Ac placerat vestibulum lectus mauris ultrices eros in cursus turpis. Eget dolor morbi non arcu. Tempus quam pellentesque nec nam aliquam sem et. Non quam lacus suspendisse faucibus interdum posuere. Ultrices tincidunt arcu non sodales neque sodales ut etiam. Eleifend mi in nulla posuere. In cursus turpis massa tincidunt dui ut ornare. Vitae auctor eu augue ut lectus. Aliquam sem et tortor consequat id porta. Ipsum dolor sit amet consectetur adipiscing elit. Consectetur adipiscing elit pellentesque habitant morbi tristique senectus et netus. Adipiscing elit ut aliquam purus. Egestas sed sed risus pretium quam vulputate dignissim suspendisse in.\r\n\r\nCursus eget nunc scelerisque viverra mauris. Et malesuada fames ac turpis egestas sed. Sed turpis tincidunt id aliquet risus feugiat in. Amet consectetur adipiscing elit ut aliquam. Orci dapibus ultrices in iaculis. Duis ultricies lacus sed turpis tincidunt id aliquet risus feugiat. Viverra mauris in aliquam sem fringilla ut morbi. Vestibulum sed arcu non odio euismod lacinia at. Pellentesque eu tincidunt tortor aliquam nulla facilisi cras. Feugiat sed lectus vestibulum mattis ullamcorper velit sed ullamcorper morbi. Nulla aliquet enim tortor at auctor urna nunc id cursus. Sit amet nisl purus in mollis. Nunc mi ipsum faucibus vitae aliquet. Nec ullamcorper sit amet risus nullam eget felis.\r\n\r\nScelerisque felis imperdiet proin fermentum leo. Sed tempus urna et pharetra pharetra massa massa ultricies. Pharetra sit amet aliquam id diam. Fermentum leo vel orci porta. Tortor condimentum lacinia quis vel eros donec ac. Eu augue ut lectus arcu. Quis auctor elit sed vulputate mi. Amet massa vitae tortor condimentum. Adipiscing bibendum est ultricies integer. Adipiscing commodo elit at imperdiet dui accumsan sit amet nulla. A arcu cursus vitae congue mauris rhoncus aenean vel elit. Vel pretium lectus quam id leo in. Orci nulla pellentesque dignissim enim sit amet venenatis urna cursus.', 88, 80, 7, 1);
INSERT INTO `products` (`id`, `name`, `image`, `short_description`, `description`, `price`, `sale_price`, `brand_id`, `category_id`) VALUES
(30, 'E-DRA EK384W Bluetooth', '\\images\\products\\edra\\E-DRA EK384W Bluetooth.jpg', 'High quality mechanical keyboard from Keyholic with love !!!', 'Lorem ipsum dolor sit amet, consectetur adipiscing elit, sed do eiusmod tempor incididunt ut labore et dolore magna aliqua. Id aliquet lectus proin nibh nisl condimentum id venenatis. Ut morbi tincidunt augue interdum velit euismod in pellentesque. Pulvinar elementum integer enim neque volutpat ac tincidunt vitae. Pellentesque habitant morbi tristique senectus et netus. Id venenatis a condimentum vitae sapien pellentesque habitant morbi. Ornare arcu odio ut sem. Platea dictumst vestibulum rhoncus est pellentesque elit ullamcorper dignissim. Ultricies mi eget mauris pharetra et ultrices. Consectetur adipiscing elit duis tristique sollicitudin nibh sit amet commodo. Nunc non blandit massa enim. Massa tincidunt dui ut ornare lectus. Molestie a iaculis at erat. Imperdiet nulla malesuada pellentesque elit eget gravida cum sociis natoque. Nibh tortor id aliquet lectus proin nibh nisl condimentum id. Non tellus orci ac auctor augue. Et tortor consequat id porta nibh venenatis. Sit amet justo donec enim diam vulputate.\r\n\r\nMontes nascetur ridiculus mus mauris vitae ultricies leo integer malesuada. Duis ut diam quam nulla porttitor massa id. Adipiscing diam donec adipiscing tristique risus nec feugiat in fermentum. Mattis pellentesque id nibh tortor id. Ut porttitor leo a diam sollicitudin tempor id eu nisl. Eleifend mi in nulla posuere sollicitudin. Aliquam eleifend mi in nulla posuere sollicitudin. Facilisi cras fermentum odio eu feugiat pretium nibh ipsum. Gravida dictum fusce ut placerat orci. Lorem ipsum dolor sit amet consectetur adipiscing elit. Est sit amet facilisis magna etiam tempor orci. Quisque non tellus orci ac auctor. Convallis aenean et tortor at. Enim sit amet venenatis urna cursus eget nunc. Bibendum neque egestas congue quisque. Massa tempor nec feugiat nisl.\r\n\r\nPlatea dictumst quisque sagittis purus sit amet. Volutpat est velit egestas dui id ornare arcu. Fermentum leo vel orci porta. In fermentum posuere urna nec tincidunt praesent. Ac placerat vestibulum lectus mauris ultrices eros in cursus turpis. Eget dolor morbi non arcu. Tempus quam pellentesque nec nam aliquam sem et. Non quam lacus suspendisse faucibus interdum posuere. Ultrices tincidunt arcu non sodales neque sodales ut etiam. Eleifend mi in nulla posuere. In cursus turpis massa tincidunt dui ut ornare. Vitae auctor eu augue ut lectus. Aliquam sem et tortor consequat id porta. Ipsum dolor sit amet consectetur adipiscing elit. Consectetur adipiscing elit pellentesque habitant morbi tristique senectus et netus. Adipiscing elit ut aliquam purus. Egestas sed sed risus pretium quam vulputate dignissim suspendisse in.\r\n\r\nCursus eget nunc scelerisque viverra mauris. Et malesuada fames ac turpis egestas sed. Sed turpis tincidunt id aliquet risus feugiat in. Amet consectetur adipiscing elit ut aliquam. Orci dapibus ultrices in iaculis. Duis ultricies lacus sed turpis tincidunt id aliquet risus feugiat. Viverra mauris in aliquam sem fringilla ut morbi. Vestibulum sed arcu non odio euismod lacinia at. Pellentesque eu tincidunt tortor aliquam nulla facilisi cras. Feugiat sed lectus vestibulum mattis ullamcorper velit sed ullamcorper morbi. Nulla aliquet enim tortor at auctor urna nunc id cursus. Sit amet nisl purus in mollis. Nunc mi ipsum faucibus vitae aliquet. Nec ullamcorper sit amet risus nullam eget felis.\r\n\r\nScelerisque felis imperdiet proin fermentum leo. Sed tempus urna et pharetra pharetra massa massa ultricies. Pharetra sit amet aliquam id diam. Fermentum leo vel orci porta. Tortor condimentum lacinia quis vel eros donec ac. Eu augue ut lectus arcu. Quis auctor elit sed vulputate mi. Amet massa vitae tortor condimentum. Adipiscing bibendum est ultricies integer. Adipiscing commodo elit at imperdiet dui accumsan sit amet nulla. A arcu cursus vitae congue mauris rhoncus aenean vel elit. Vel pretium lectus quam id leo in. Orci nulla pellentesque dignissim enim sit amet venenatis urna cursus.', 68, 66, 8, 1),
(31, 'E-Dra EK389 V2', '\\images\\products\\edra\\E-Dra EK389 V2.jpg', 'High quality mechanical keyboard from Keyholic with love !!!', 'Lorem ipsum dolor sit amet, consectetur adipiscing elit, sed do eiusmod tempor incididunt ut labore et dolore magna aliqua. Id aliquet lectus proin nibh nisl condimentum id venenatis. Ut morbi tincidunt augue interdum velit euismod in pellentesque. Pulvinar elementum integer enim neque volutpat ac tincidunt vitae. Pellentesque habitant morbi tristique senectus et netus. Id venenatis a condimentum vitae sapien pellentesque habitant morbi. Ornare arcu odio ut sem. Platea dictumst vestibulum rhoncus est pellentesque elit ullamcorper dignissim. Ultricies mi eget mauris pharetra et ultrices. Consectetur adipiscing elit duis tristique sollicitudin nibh sit amet commodo. Nunc non blandit massa enim. Massa tincidunt dui ut ornare lectus. Molestie a iaculis at erat. Imperdiet nulla malesuada pellentesque elit eget gravida cum sociis natoque. Nibh tortor id aliquet lectus proin nibh nisl condimentum id. Non tellus orci ac auctor augue. Et tortor consequat id porta nibh venenatis. Sit amet justo donec enim diam vulputate.\r\n\r\nMontes nascetur ridiculus mus mauris vitae ultricies leo integer malesuada. Duis ut diam quam nulla porttitor massa id. Adipiscing diam donec adipiscing tristique risus nec feugiat in fermentum. Mattis pellentesque id nibh tortor id. Ut porttitor leo a diam sollicitudin tempor id eu nisl. Eleifend mi in nulla posuere sollicitudin. Aliquam eleifend mi in nulla posuere sollicitudin. Facilisi cras fermentum odio eu feugiat pretium nibh ipsum. Gravida dictum fusce ut placerat orci. Lorem ipsum dolor sit amet consectetur adipiscing elit. Est sit amet facilisis magna etiam tempor orci. Quisque non tellus orci ac auctor. Convallis aenean et tortor at. Enim sit amet venenatis urna cursus eget nunc. Bibendum neque egestas congue quisque. Massa tempor nec feugiat nisl.\r\n\r\nPlatea dictumst quisque sagittis purus sit amet. Volutpat est velit egestas dui id ornare arcu. Fermentum leo vel orci porta. In fermentum posuere urna nec tincidunt praesent. Ac placerat vestibulum lectus mauris ultrices eros in cursus turpis. Eget dolor morbi non arcu. Tempus quam pellentesque nec nam aliquam sem et. Non quam lacus suspendisse faucibus interdum posuere. Ultrices tincidunt arcu non sodales neque sodales ut etiam. Eleifend mi in nulla posuere. In cursus turpis massa tincidunt dui ut ornare. Vitae auctor eu augue ut lectus. Aliquam sem et tortor consequat id porta. Ipsum dolor sit amet consectetur adipiscing elit. Consectetur adipiscing elit pellentesque habitant morbi tristique senectus et netus. Adipiscing elit ut aliquam purus. Egestas sed sed risus pretium quam vulputate dignissim suspendisse in.\r\n\r\nCursus eget nunc scelerisque viverra mauris. Et malesuada fames ac turpis egestas sed. Sed turpis tincidunt id aliquet risus feugiat in. Amet consectetur adipiscing elit ut aliquam. Orci dapibus ultrices in iaculis. Duis ultricies lacus sed turpis tincidunt id aliquet risus feugiat. Viverra mauris in aliquam sem fringilla ut morbi. Vestibulum sed arcu non odio euismod lacinia at. Pellentesque eu tincidunt tortor aliquam nulla facilisi cras. Feugiat sed lectus vestibulum mattis ullamcorper velit sed ullamcorper morbi. Nulla aliquet enim tortor at auctor urna nunc id cursus. Sit amet nisl purus in mollis. Nunc mi ipsum faucibus vitae aliquet. Nec ullamcorper sit amet risus nullam eget felis.\r\n\r\nScelerisque felis imperdiet proin fermentum leo. Sed tempus urna et pharetra pharetra massa massa ultricies. Pharetra sit amet aliquam id diam. Fermentum leo vel orci porta. Tortor condimentum lacinia quis vel eros donec ac. Eu augue ut lectus arcu. Quis auctor elit sed vulputate mi. Amet massa vitae tortor condimentum. Adipiscing bibendum est ultricies integer. Adipiscing commodo elit at imperdiet dui accumsan sit amet nulla. A arcu cursus vitae congue mauris rhoncus aenean vel elit. Vel pretium lectus quam id leo in. Orci nulla pellentesque dignissim enim sit amet venenatis urna cursus.', 80, 75, 8, 1),
(32, 'Filco Majestouch Convertible 2 Akakinsunako', '\\images\\products\\filco\\Filco Majestouch Convertible 2 Akakinsunako (1).jpg', 'High quality mechanical keyboard from Keyholic with love !!!', 'Lorem ipsum dolor sit amet, consectetur adipiscing elit, sed do eiusmod tempor incididunt ut labore et dolore magna aliqua. Id aliquet lectus proin nibh nisl condimentum id venenatis. Ut morbi tincidunt augue interdum velit euismod in pellentesque. Pulvinar elementum integer enim neque volutpat ac tincidunt vitae. Pellentesque habitant morbi tristique senectus et netus. Id venenatis a condimentum vitae sapien pellentesque habitant morbi. Ornare arcu odio ut sem. Platea dictumst vestibulum rhoncus est pellentesque elit ullamcorper dignissim. Ultricies mi eget mauris pharetra et ultrices. Consectetur adipiscing elit duis tristique sollicitudin nibh sit amet commodo. Nunc non blandit massa enim. Massa tincidunt dui ut ornare lectus. Molestie a iaculis at erat. Imperdiet nulla malesuada pellentesque elit eget gravida cum sociis natoque. Nibh tortor id aliquet lectus proin nibh nisl condimentum id. Non tellus orci ac auctor augue. Et tortor consequat id porta nibh venenatis. Sit amet justo donec enim diam vulputate.\r\n\r\nMontes nascetur ridiculus mus mauris vitae ultricies leo integer malesuada. Duis ut diam quam nulla porttitor massa id. Adipiscing diam donec adipiscing tristique risus nec feugiat in fermentum. Mattis pellentesque id nibh tortor id. Ut porttitor leo a diam sollicitudin tempor id eu nisl. Eleifend mi in nulla posuere sollicitudin. Aliquam eleifend mi in nulla posuere sollicitudin. Facilisi cras fermentum odio eu feugiat pretium nibh ipsum. Gravida dictum fusce ut placerat orci. Lorem ipsum dolor sit amet consectetur adipiscing elit. Est sit amet facilisis magna etiam tempor orci. Quisque non tellus orci ac auctor. Convallis aenean et tortor at. Enim sit amet venenatis urna cursus eget nunc. Bibendum neque egestas congue quisque. Massa tempor nec feugiat nisl.\r\n\r\nPlatea dictumst quisque sagittis purus sit amet. Volutpat est velit egestas dui id ornare arcu. Fermentum leo vel orci porta. In fermentum posuere urna nec tincidunt praesent. Ac placerat vestibulum lectus mauris ultrices eros in cursus turpis. Eget dolor morbi non arcu. Tempus quam pellentesque nec nam aliquam sem et. Non quam lacus suspendisse faucibus interdum posuere. Ultrices tincidunt arcu non sodales neque sodales ut etiam. Eleifend mi in nulla posuere. In cursus turpis massa tincidunt dui ut ornare. Vitae auctor eu augue ut lectus. Aliquam sem et tortor consequat id porta. Ipsum dolor sit amet consectetur adipiscing elit. Consectetur adipiscing elit pellentesque habitant morbi tristique senectus et netus. Adipiscing elit ut aliquam purus. Egestas sed sed risus pretium quam vulputate dignissim suspendisse in.\r\n\r\nCursus eget nunc scelerisque viverra mauris. Et malesuada fames ac turpis egestas sed. Sed turpis tincidunt id aliquet risus feugiat in. Amet consectetur adipiscing elit ut aliquam. Orci dapibus ultrices in iaculis. Duis ultricies lacus sed turpis tincidunt id aliquet risus feugiat. Viverra mauris in aliquam sem fringilla ut morbi. Vestibulum sed arcu non odio euismod lacinia at. Pellentesque eu tincidunt tortor aliquam nulla facilisi cras. Feugiat sed lectus vestibulum mattis ullamcorper velit sed ullamcorper morbi. Nulla aliquet enim tortor at auctor urna nunc id cursus. Sit amet nisl purus in mollis. Nunc mi ipsum faucibus vitae aliquet. Nec ullamcorper sit amet risus nullam eget felis.\r\n\r\nScelerisque felis imperdiet proin fermentum leo. Sed tempus urna et pharetra pharetra massa massa ultricies. Pharetra sit amet aliquam id diam. Fermentum leo vel orci porta. Tortor condimentum lacinia quis vel eros donec ac. Eu augue ut lectus arcu. Quis auctor elit sed vulputate mi. Amet massa vitae tortor condimentum. Adipiscing bibendum est ultricies integer. Adipiscing commodo elit at imperdiet dui accumsan sit amet nulla. A arcu cursus vitae congue mauris rhoncus aenean vel elit. Vel pretium lectus quam id leo in. Orci nulla pellentesque dignissim enim sit amet venenatis urna cursus.', 499, 450, 2, 1),
(33, 'Leopold FC980M PD White Grey', '\\images\\products\\leopold\\Leopold FC980M PD White Grey.jpg', 'High quality mechanical keyboard from Keyholic with love !!!', 'Lorem ipsum dolor sit amet, consectetur adipiscing elit, sed do eiusmod tempor incididunt ut labore et dolore magna aliqua. Id aliquet lectus proin nibh nisl condimentum id venenatis. Ut morbi tincidunt augue interdum velit euismod in pellentesque. Pulvinar elementum integer enim neque volutpat ac tincidunt vitae. Pellentesque habitant morbi tristique senectus et netus. Id venenatis a condimentum vitae sapien pellentesque habitant morbi. Ornare arcu odio ut sem. Platea dictumst vestibulum rhoncus est pellentesque elit ullamcorper dignissim. Ultricies mi eget mauris pharetra et ultrices. Consectetur adipiscing elit duis tristique sollicitudin nibh sit amet commodo. Nunc non blandit massa enim. Massa tincidunt dui ut ornare lectus. Molestie a iaculis at erat. Imperdiet nulla malesuada pellentesque elit eget gravida cum sociis natoque. Nibh tortor id aliquet lectus proin nibh nisl condimentum id. Non tellus orci ac auctor augue. Et tortor consequat id porta nibh venenatis. Sit amet justo donec enim diam vulputate.\r\n\r\nMontes nascetur ridiculus mus mauris vitae ultricies leo integer malesuada. Duis ut diam quam nulla porttitor massa id. Adipiscing diam donec adipiscing tristique risus nec feugiat in fermentum. Mattis pellentesque id nibh tortor id. Ut porttitor leo a diam sollicitudin tempor id eu nisl. Eleifend mi in nulla posuere sollicitudin. Aliquam eleifend mi in nulla posuere sollicitudin. Facilisi cras fermentum odio eu feugiat pretium nibh ipsum. Gravida dictum fusce ut placerat orci. Lorem ipsum dolor sit amet consectetur adipiscing elit. Est sit amet facilisis magna etiam tempor orci. Quisque non tellus orci ac auctor. Convallis aenean et tortor at. Enim sit amet venenatis urna cursus eget nunc. Bibendum neque egestas congue quisque. Massa tempor nec feugiat nisl.\r\n\r\nPlatea dictumst quisque sagittis purus sit amet. Volutpat est velit egestas dui id ornare arcu. Fermentum leo vel orci porta. In fermentum posuere urna nec tincidunt praesent. Ac placerat vestibulum lectus mauris ultrices eros in cursus turpis. Eget dolor morbi non arcu. Tempus quam pellentesque nec nam aliquam sem et. Non quam lacus suspendisse faucibus interdum posuere. Ultrices tincidunt arcu non sodales neque sodales ut etiam. Eleifend mi in nulla posuere. In cursus turpis massa tincidunt dui ut ornare. Vitae auctor eu augue ut lectus. Aliquam sem et tortor consequat id porta. Ipsum dolor sit amet consectetur adipiscing elit. Consectetur adipiscing elit pellentesque habitant morbi tristique senectus et netus. Adipiscing elit ut aliquam purus. Egestas sed sed risus pretium quam vulputate dignissim suspendisse in.\r\n\r\nCursus eget nunc scelerisque viverra mauris. Et malesuada fames ac turpis egestas sed. Sed turpis tincidunt id aliquet risus feugiat in. Amet consectetur adipiscing elit ut aliquam. Orci dapibus ultrices in iaculis. Duis ultricies lacus sed turpis tincidunt id aliquet risus feugiat. Viverra mauris in aliquam sem fringilla ut morbi. Vestibulum sed arcu non odio euismod lacinia at. Pellentesque eu tincidunt tortor aliquam nulla facilisi cras. Feugiat sed lectus vestibulum mattis ullamcorper velit sed ullamcorper morbi. Nulla aliquet enim tortor at auctor urna nunc id cursus. Sit amet nisl purus in mollis. Nunc mi ipsum faucibus vitae aliquet. Nec ullamcorper sit amet risus nullam eget felis.\r\n\r\nScelerisque felis imperdiet proin fermentum leo. Sed tempus urna et pharetra pharetra massa massa ultricies. Pharetra sit amet aliquam id diam. Fermentum leo vel orci porta. Tortor condimentum lacinia quis vel eros donec ac. Eu augue ut lectus arcu. Quis auctor elit sed vulputate mi. Amet massa vitae tortor condimentum. Adipiscing bibendum est ultricies integer. Adipiscing commodo elit at imperdiet dui accumsan sit amet nulla. A arcu cursus vitae congue mauris rhoncus aenean vel elit. Vel pretium lectus quam id leo in. Orci nulla pellentesque dignissim enim sit amet venenatis urna cursus.', 500, 468, 1, 1),
(34, 'Palm rest 1', '\\images\\products\\palm rest\\1 (1).jpg', 'Colorful Rest Palm', 'Lorem ipsum dolor sit amet, consectetur adipiscing elit, sed do eiusmod tempor incididunt ut labore et dolore magna aliqua. Commodo elit at imperdiet dui. Viverra accumsan in nisl nisi scelerisque eu. Dui faucibus in ornare quam viverra orci. Ut consequat semper viverra nam libero justo laoreet sit amet. Iaculis nunc sed augue lacus viverra. Sed odio morbi quis commodo odio aenean sed adipiscing diam. Sit amet facilisis magna etiam tempor orci. Mauris vitae ultricies leo integer malesuada nunc. Enim eu turpis egestas pretium aenean pharetra magna ac. Pharetra magna ac placerat vestibulum lectus. Sit amet risus nullam eget felis eget. Id nibh tortor id aliquet lectus proin nibh nisl. Egestas congue quisque egestas diam in. Euismod elementum nisi quis eleifend quam adipiscing vitae proin sagittis. Suspendisse in est ante in. Ut aliquam purus sit amet luctus venenatis. Faucibus turpis in eu mi bibendum neque. Mauris a diam maecenas sed enim ut sem.\r\n\r\nFeugiat scelerisque varius morbi enim nunc faucibus a pellentesque. Semper risus in hendrerit gravida rutrum quisque. Platea dictumst vestibulum rhoncus est pellentesque elit ullamcorper. Enim neque volutpat ac tincidunt vitae. Lorem ipsum dolor sit amet consectetur adipiscing elit duis tristique. Aliquam faucibus purus in massa tempor nec feugiat nisl pretium. Et malesuada fames ac turpis egestas sed. Aliquet nec ullamcorper sit amet risus nullam eget felis. Sit amet risus nullam eget felis eget nunc. Nisl purus in mollis nunc sed. Tortor vitae purus faucibus ornare suspendisse sed nisi. Aliquam etiam erat velit scelerisque in dictum non consectetur. Diam volutpat commodo sed egestas egestas fringilla phasellus faucibus. Congue eu consequat ac felis donec et. Aenean euismod elementum nisi quis eleifend quam adipiscing vitae proin. Sed vulputate mi sit amet mauris commodo quis imperdiet massa.\r\n\r\nNeque convallis a cras semper auctor neque vitae tempus quam. Morbi tristique senectus et netus et. Pellentesque sit amet porttitor eget dolor. Blandit aliquam etiam erat velit scelerisque in dictum non consectetur. Morbi leo urna molestie at elementum. Ultrices gravida dictum fusce ut placerat orci nulla pellentesque dignissim. In hendrerit gravida rutrum quisque non. In metus vulputate eu scelerisque felis imperdiet proin. Mauris rhoncus aenean vel elit. Pharetra et ultrices neque ornare aenean euismod elementum nisi. Purus sit amet volutpat consequat mauris nunc congue nisi. Cursus vitae congue mauris rhoncus aenean vel elit scelerisque.\r\n\r\nCursus sit amet dictum sit amet justo donec enim. Arcu cursus euismod quis viverra. Et magnis dis parturient montes. Mattis nunc sed blandit libero volutpat sed. Urna molestie at elementum eu facilisis sed odio. Sed odio morbi quis commodo odio. Diam ut venenatis tellus in. Adipiscing tristique risus nec feugiat. Amet aliquam id diam maecenas ultricies mi eget mauris. Felis donec et odio pellentesque diam volutpat commodo sed egestas. Lorem mollis aliquam ut porttitor leo a. Consectetur adipiscing elit ut aliquam purus. Sit amet consectetur adipiscing elit ut aliquam purus sit. Amet luctus venenatis lectus magna fringilla. Mauris pellentesque pulvinar pellentesque habitant morbi tristique senectus. Sed sed risus pretium quam. Ullamcorper dignissim cras tincidunt lobortis feugiat vivamus at. Lacus suspendisse faucibus interdum posuere lorem. Vitae auctor eu augue ut lectus arcu bibendum at varius. Duis ultricies lacus sed turpis tincidunt id aliquet risus.\r\n\r\nSed blandit libero volutpat sed cras ornare arcu dui vivamus. Iaculis urna id volutpat lacus laoreet non. Nulla pharetra diam sit amet nisl suscipit. Tincidunt id aliquet risus feugiat in ante. Maecenas accumsan lacus vel facilisis volutpat est velit egestas. Faucibus nisl tincidunt eget nullam non nisi est. Ut tortor pretium viverra suspendisse potenti nullam. Sapien faucibus et molestie ac feugiat. Laoreet sit amet cursus sit amet. Ipsum consequat nisl vel pretium lectus. Id aliquet lectus proin nibh nisl. Vitae congue eu consequat ac felis donec. Amet cursus sit amet dictum sit amet justo. Posuere ac ut consequat semper viverra nam libero justo. Neque sodales ut etiam sit. Lectus mauris ultrices eros in cursus turpis massa.', 20, 15, NULL, 3),
(35, 'Palm rest 4', '\\images\\products\\palm rest\\4 (1).jpg', 'Colorful Rest Palm', 'Lorem ipsum dolor sit amet, consectetur adipiscing elit, sed do eiusmod tempor incididunt ut labore et dolore magna aliqua. Commodo elit at imperdiet dui. Viverra accumsan in nisl nisi scelerisque eu. Dui faucibus in ornare quam viverra orci. Ut consequat semper viverra nam libero justo laoreet sit amet. Iaculis nunc sed augue lacus viverra. Sed odio morbi quis commodo odio aenean sed adipiscing diam. Sit amet facilisis magna etiam tempor orci. Mauris vitae ultricies leo integer malesuada nunc. Enim eu turpis egestas pretium aenean pharetra magna ac. Pharetra magna ac placerat vestibulum lectus. Sit amet risus nullam eget felis eget. Id nibh tortor id aliquet lectus proin nibh nisl. Egestas congue quisque egestas diam in. Euismod elementum nisi quis eleifend quam adipiscing vitae proin sagittis. Suspendisse in est ante in. Ut aliquam purus sit amet luctus venenatis. Faucibus turpis in eu mi bibendum neque. Mauris a diam maecenas sed enim ut sem.\r\n\r\nFeugiat scelerisque varius morbi enim nunc faucibus a pellentesque. Semper risus in hendrerit gravida rutrum quisque. Platea dictumst vestibulum rhoncus est pellentesque elit ullamcorper. Enim neque volutpat ac tincidunt vitae. Lorem ipsum dolor sit amet consectetur adipiscing elit duis tristique. Aliquam faucibus purus in massa tempor nec feugiat nisl pretium. Et malesuada fames ac turpis egestas sed. Aliquet nec ullamcorper sit amet risus nullam eget felis. Sit amet risus nullam eget felis eget nunc. Nisl purus in mollis nunc sed. Tortor vitae purus faucibus ornare suspendisse sed nisi. Aliquam etiam erat velit scelerisque in dictum non consectetur. Diam volutpat commodo sed egestas egestas fringilla phasellus faucibus. Congue eu consequat ac felis donec et. Aenean euismod elementum nisi quis eleifend quam adipiscing vitae proin. Sed vulputate mi sit amet mauris commodo quis imperdiet massa.\r\n\r\nNeque convallis a cras semper auctor neque vitae tempus quam. Morbi tristique senectus et netus et. Pellentesque sit amet porttitor eget dolor. Blandit aliquam etiam erat velit scelerisque in dictum non consectetur. Morbi leo urna molestie at elementum. Ultrices gravida dictum fusce ut placerat orci nulla pellentesque dignissim. In hendrerit gravida rutrum quisque non. In metus vulputate eu scelerisque felis imperdiet proin. Mauris rhoncus aenean vel elit. Pharetra et ultrices neque ornare aenean euismod elementum nisi. Purus sit amet volutpat consequat mauris nunc congue nisi. Cursus vitae congue mauris rhoncus aenean vel elit scelerisque.\r\n\r\nCursus sit amet dictum sit amet justo donec enim. Arcu cursus euismod quis viverra. Et magnis dis parturient montes. Mattis nunc sed blandit libero volutpat sed. Urna molestie at elementum eu facilisis sed odio. Sed odio morbi quis commodo odio. Diam ut venenatis tellus in. Adipiscing tristique risus nec feugiat. Amet aliquam id diam maecenas ultricies mi eget mauris. Felis donec et odio pellentesque diam volutpat commodo sed egestas. Lorem mollis aliquam ut porttitor leo a. Consectetur adipiscing elit ut aliquam purus. Sit amet consectetur adipiscing elit ut aliquam purus sit. Amet luctus venenatis lectus magna fringilla. Mauris pellentesque pulvinar pellentesque habitant morbi tristique senectus. Sed sed risus pretium quam. Ullamcorper dignissim cras tincidunt lobortis feugiat vivamus at. Lacus suspendisse faucibus interdum posuere lorem. Vitae auctor eu augue ut lectus arcu bibendum at varius. Duis ultricies lacus sed turpis tincidunt id aliquet risus.\r\n\r\nSed blandit libero volutpat sed cras ornare arcu dui vivamus. Iaculis urna id volutpat lacus laoreet non. Nulla pharetra diam sit amet nisl suscipit. Tincidunt id aliquet risus feugiat in ante. Maecenas accumsan lacus vel facilisis volutpat est velit egestas. Faucibus nisl tincidunt eget nullam non nisi est. Ut tortor pretium viverra suspendisse potenti nullam. Sapien faucibus et molestie ac feugiat. Laoreet sit amet cursus sit amet. Ipsum consequat nisl vel pretium lectus. Id aliquet lectus proin nibh nisl. Vitae congue eu consequat ac felis donec. Amet cursus sit amet dictum sit amet justo. Posuere ac ut consequat semper viverra nam libero justo. Neque sodales ut etiam sit. Lectus mauris ultrices eros in cursus turpis massa.', 20, 15, NULL, 3),
(36, 'Palm rest 5', '\\images\\products\\palm rest\\5 (1).jpg', 'Colorful Rest Palm', 'Lorem ipsum dolor sit amet, consectetur adipiscing elit, sed do eiusmod tempor incididunt ut labore et dolore magna aliqua. Commodo elit at imperdiet dui. Viverra accumsan in nisl nisi scelerisque eu. Dui faucibus in ornare quam viverra orci. Ut consequat semper viverra nam libero justo laoreet sit amet. Iaculis nunc sed augue lacus viverra. Sed odio morbi quis commodo odio aenean sed adipiscing diam. Sit amet facilisis magna etiam tempor orci. Mauris vitae ultricies leo integer malesuada nunc. Enim eu turpis egestas pretium aenean pharetra magna ac. Pharetra magna ac placerat vestibulum lectus. Sit amet risus nullam eget felis eget. Id nibh tortor id aliquet lectus proin nibh nisl. Egestas congue quisque egestas diam in. Euismod elementum nisi quis eleifend quam adipiscing vitae proin sagittis. Suspendisse in est ante in. Ut aliquam purus sit amet luctus venenatis. Faucibus turpis in eu mi bibendum neque. Mauris a diam maecenas sed enim ut sem.\r\n\r\nFeugiat scelerisque varius morbi enim nunc faucibus a pellentesque. Semper risus in hendrerit gravida rutrum quisque. Platea dictumst vestibulum rhoncus est pellentesque elit ullamcorper. Enim neque volutpat ac tincidunt vitae. Lorem ipsum dolor sit amet consectetur adipiscing elit duis tristique. Aliquam faucibus purus in massa tempor nec feugiat nisl pretium. Et malesuada fames ac turpis egestas sed. Aliquet nec ullamcorper sit amet risus nullam eget felis. Sit amet risus nullam eget felis eget nunc. Nisl purus in mollis nunc sed. Tortor vitae purus faucibus ornare suspendisse sed nisi. Aliquam etiam erat velit scelerisque in dictum non consectetur. Diam volutpat commodo sed egestas egestas fringilla phasellus faucibus. Congue eu consequat ac felis donec et. Aenean euismod elementum nisi quis eleifend quam adipiscing vitae proin. Sed vulputate mi sit amet mauris commodo quis imperdiet massa.\r\n\r\nNeque convallis a cras semper auctor neque vitae tempus quam. Morbi tristique senectus et netus et. Pellentesque sit amet porttitor eget dolor. Blandit aliquam etiam erat velit scelerisque in dictum non consectetur. Morbi leo urna molestie at elementum. Ultrices gravida dictum fusce ut placerat orci nulla pellentesque dignissim. In hendrerit gravida rutrum quisque non. In metus vulputate eu scelerisque felis imperdiet proin. Mauris rhoncus aenean vel elit. Pharetra et ultrices neque ornare aenean euismod elementum nisi. Purus sit amet volutpat consequat mauris nunc congue nisi. Cursus vitae congue mauris rhoncus aenean vel elit scelerisque.\r\n\r\nCursus sit amet dictum sit amet justo donec enim. Arcu cursus euismod quis viverra. Et magnis dis parturient montes. Mattis nunc sed blandit libero volutpat sed. Urna molestie at elementum eu facilisis sed odio. Sed odio morbi quis commodo odio. Diam ut venenatis tellus in. Adipiscing tristique risus nec feugiat. Amet aliquam id diam maecenas ultricies mi eget mauris. Felis donec et odio pellentesque diam volutpat commodo sed egestas. Lorem mollis aliquam ut porttitor leo a. Consectetur adipiscing elit ut aliquam purus. Sit amet consectetur adipiscing elit ut aliquam purus sit. Amet luctus venenatis lectus magna fringilla. Mauris pellentesque pulvinar pellentesque habitant morbi tristique senectus. Sed sed risus pretium quam. Ullamcorper dignissim cras tincidunt lobortis feugiat vivamus at. Lacus suspendisse faucibus interdum posuere lorem. Vitae auctor eu augue ut lectus arcu bibendum at varius. Duis ultricies lacus sed turpis tincidunt id aliquet risus.\r\n\r\nSed blandit libero volutpat sed cras ornare arcu dui vivamus. Iaculis urna id volutpat lacus laoreet non. Nulla pharetra diam sit amet nisl suscipit. Tincidunt id aliquet risus feugiat in ante. Maecenas accumsan lacus vel facilisis volutpat est velit egestas. Faucibus nisl tincidunt eget nullam non nisi est. Ut tortor pretium viverra suspendisse potenti nullam. Sapien faucibus et molestie ac feugiat. Laoreet sit amet cursus sit amet. Ipsum consequat nisl vel pretium lectus. Id aliquet lectus proin nibh nisl. Vitae congue eu consequat ac felis donec. Amet cursus sit amet dictum sit amet justo. Posuere ac ut consequat semper viverra nam libero justo. Neque sodales ut etiam sit. Lectus mauris ultrices eros in cursus turpis massa.', 20, 16, NULL, 3),
(37, 'Palm rest 6', '\\images\\products\\palm rest\\1 (1).jpg', 'Colorful Rest Palm', 'Lorem ipsum dolor sit amet, consectetur adipiscing elit, sed do eiusmod tempor incididunt ut labore et dolore magna aliqua. Commodo elit at imperdiet dui. Viverra accumsan in nisl nisi scelerisque eu. Dui faucibus in ornare quam viverra orci. Ut consequat semper viverra nam libero justo laoreet sit amet. Iaculis nunc sed augue lacus viverra. Sed odio morbi quis commodo odio aenean sed adipiscing diam. Sit amet facilisis magna etiam tempor orci. Mauris vitae ultricies leo integer malesuada nunc. Enim eu turpis egestas pretium aenean pharetra magna ac. Pharetra magna ac placerat vestibulum lectus. Sit amet risus nullam eget felis eget. Id nibh tortor id aliquet lectus proin nibh nisl. Egestas congue quisque egestas diam in. Euismod elementum nisi quis eleifend quam adipiscing vitae proin sagittis. Suspendisse in est ante in. Ut aliquam purus sit amet luctus venenatis. Faucibus turpis in eu mi bibendum neque. Mauris a diam maecenas sed enim ut sem.\r\n\r\nFeugiat scelerisque varius morbi enim nunc faucibus a pellentesque. Semper risus in hendrerit gravida rutrum quisque. Platea dictumst vestibulum rhoncus est pellentesque elit ullamcorper. Enim neque volutpat ac tincidunt vitae. Lorem ipsum dolor sit amet consectetur adipiscing elit duis tristique. Aliquam faucibus purus in massa tempor nec feugiat nisl pretium. Et malesuada fames ac turpis egestas sed. Aliquet nec ullamcorper sit amet risus nullam eget felis. Sit amet risus nullam eget felis eget nunc. Nisl purus in mollis nunc sed. Tortor vitae purus faucibus ornare suspendisse sed nisi. Aliquam etiam erat velit scelerisque in dictum non consectetur. Diam volutpat commodo sed egestas egestas fringilla phasellus faucibus. Congue eu consequat ac felis donec et. Aenean euismod elementum nisi quis eleifend quam adipiscing vitae proin. Sed vulputate mi sit amet mauris commodo quis imperdiet massa.\r\n\r\nNeque convallis a cras semper auctor neque vitae tempus quam. Morbi tristique senectus et netus et. Pellentesque sit amet porttitor eget dolor. Blandit aliquam etiam erat velit scelerisque in dictum non consectetur. Morbi leo urna molestie at elementum. Ultrices gravida dictum fusce ut placerat orci nulla pellentesque dignissim. In hendrerit gravida rutrum quisque non. In metus vulputate eu scelerisque felis imperdiet proin. Mauris rhoncus aenean vel elit. Pharetra et ultrices neque ornare aenean euismod elementum nisi. Purus sit amet volutpat consequat mauris nunc congue nisi. Cursus vitae congue mauris rhoncus aenean vel elit scelerisque.\r\n\r\nCursus sit amet dictum sit amet justo donec enim. Arcu cursus euismod quis viverra. Et magnis dis parturient montes. Mattis nunc sed blandit libero volutpat sed. Urna molestie at elementum eu facilisis sed odio. Sed odio morbi quis commodo odio. Diam ut venenatis tellus in. Adipiscing tristique risus nec feugiat. Amet aliquam id diam maecenas ultricies mi eget mauris. Felis donec et odio pellentesque diam volutpat commodo sed egestas. Lorem mollis aliquam ut porttitor leo a. Consectetur adipiscing elit ut aliquam purus. Sit amet consectetur adipiscing elit ut aliquam purus sit. Amet luctus venenatis lectus magna fringilla. Mauris pellentesque pulvinar pellentesque habitant morbi tristique senectus. Sed sed risus pretium quam. Ullamcorper dignissim cras tincidunt lobortis feugiat vivamus at. Lacus suspendisse faucibus interdum posuere lorem. Vitae auctor eu augue ut lectus arcu bibendum at varius. Duis ultricies lacus sed turpis tincidunt id aliquet risus.\r\n\r\nSed blandit libero volutpat sed cras ornare arcu dui vivamus. Iaculis urna id volutpat lacus laoreet non. Nulla pharetra diam sit amet nisl suscipit. Tincidunt id aliquet risus feugiat in ante. Maecenas accumsan lacus vel facilisis volutpat est velit egestas. Faucibus nisl tincidunt eget nullam non nisi est. Ut tortor pretium viverra suspendisse potenti nullam. Sapien faucibus et molestie ac feugiat. Laoreet sit amet cursus sit amet. Ipsum consequat nisl vel pretium lectus. Id aliquet lectus proin nibh nisl. Vitae congue eu consequat ac felis donec. Amet cursus sit amet dictum sit amet justo. Posuere ac ut consequat semper viverra nam libero justo. Neque sodales ut etiam sit. Lectus mauris ultrices eros in cursus turpis massa.', 25, 18, NULL, 3),
(38, 'Palm rest 7', '\\images\\products\\palm rest\\7 (1).jpg', 'Colorful Rest Palm', 'Lorem ipsum dolor sit amet, consectetur adipiscing elit, sed do eiusmod tempor incididunt ut labore et dolore magna aliqua. Commodo elit at imperdiet dui. Viverra accumsan in nisl nisi scelerisque eu. Dui faucibus in ornare quam viverra orci. Ut consequat semper viverra nam libero justo laoreet sit amet. Iaculis nunc sed augue lacus viverra. Sed odio morbi quis commodo odio aenean sed adipiscing diam. Sit amet facilisis magna etiam tempor orci. Mauris vitae ultricies leo integer malesuada nunc. Enim eu turpis egestas pretium aenean pharetra magna ac. Pharetra magna ac placerat vestibulum lectus. Sit amet risus nullam eget felis eget. Id nibh tortor id aliquet lectus proin nibh nisl. Egestas congue quisque egestas diam in. Euismod elementum nisi quis eleifend quam adipiscing vitae proin sagittis. Suspendisse in est ante in. Ut aliquam purus sit amet luctus venenatis. Faucibus turpis in eu mi bibendum neque. Mauris a diam maecenas sed enim ut sem.\r\n\r\nFeugiat scelerisque varius morbi enim nunc faucibus a pellentesque. Semper risus in hendrerit gravida rutrum quisque. Platea dictumst vestibulum rhoncus est pellentesque elit ullamcorper. Enim neque volutpat ac tincidunt vitae. Lorem ipsum dolor sit amet consectetur adipiscing elit duis tristique. Aliquam faucibus purus in massa tempor nec feugiat nisl pretium. Et malesuada fames ac turpis egestas sed. Aliquet nec ullamcorper sit amet risus nullam eget felis. Sit amet risus nullam eget felis eget nunc. Nisl purus in mollis nunc sed. Tortor vitae purus faucibus ornare suspendisse sed nisi. Aliquam etiam erat velit scelerisque in dictum non consectetur. Diam volutpat commodo sed egestas egestas fringilla phasellus faucibus. Congue eu consequat ac felis donec et. Aenean euismod elementum nisi quis eleifend quam adipiscing vitae proin. Sed vulputate mi sit amet mauris commodo quis imperdiet massa.\r\n\r\nNeque convallis a cras semper auctor neque vitae tempus quam. Morbi tristique senectus et netus et. Pellentesque sit amet porttitor eget dolor. Blandit aliquam etiam erat velit scelerisque in dictum non consectetur. Morbi leo urna molestie at elementum. Ultrices gravida dictum fusce ut placerat orci nulla pellentesque dignissim. In hendrerit gravida rutrum quisque non. In metus vulputate eu scelerisque felis imperdiet proin. Mauris rhoncus aenean vel elit. Pharetra et ultrices neque ornare aenean euismod elementum nisi. Purus sit amet volutpat consequat mauris nunc congue nisi. Cursus vitae congue mauris rhoncus aenean vel elit scelerisque.\r\n\r\nCursus sit amet dictum sit amet justo donec enim. Arcu cursus euismod quis viverra. Et magnis dis parturient montes. Mattis nunc sed blandit libero volutpat sed. Urna molestie at elementum eu facilisis sed odio. Sed odio morbi quis commodo odio. Diam ut venenatis tellus in. Adipiscing tristique risus nec feugiat. Amet aliquam id diam maecenas ultricies mi eget mauris. Felis donec et odio pellentesque diam volutpat commodo sed egestas. Lorem mollis aliquam ut porttitor leo a. Consectetur adipiscing elit ut aliquam purus. Sit amet consectetur adipiscing elit ut aliquam purus sit. Amet luctus venenatis lectus magna fringilla. Mauris pellentesque pulvinar pellentesque habitant morbi tristique senectus. Sed sed risus pretium quam. Ullamcorper dignissim cras tincidunt lobortis feugiat vivamus at. Lacus suspendisse faucibus interdum posuere lorem. Vitae auctor eu augue ut lectus arcu bibendum at varius. Duis ultricies lacus sed turpis tincidunt id aliquet risus.\r\n\r\nSed blandit libero volutpat sed cras ornare arcu dui vivamus. Iaculis urna id volutpat lacus laoreet non. Nulla pharetra diam sit amet nisl suscipit. Tincidunt id aliquet risus feugiat in ante. Maecenas accumsan lacus vel facilisis volutpat est velit egestas. Faucibus nisl tincidunt eget nullam non nisi est. Ut tortor pretium viverra suspendisse potenti nullam. Sapien faucibus et molestie ac feugiat. Laoreet sit amet cursus sit amet. Ipsum consequat nisl vel pretium lectus. Id aliquet lectus proin nibh nisl. Vitae congue eu consequat ac felis donec. Amet cursus sit amet dictum sit amet justo. Posuere ac ut consequat semper viverra nam libero justo. Neque sodales ut etiam sit. Lectus mauris ultrices eros in cursus turpis massa.', 20, 12, NULL, 3),
(39, 'Palm rest 8', '\\images\\products\\palm rest\\8 (1).jpg', 'Colorful Rest Palm', 'Lorem ipsum dolor sit amet, consectetur adipiscing elit, sed do eiusmod tempor incididunt ut labore et dolore magna aliqua. Commodo elit at imperdiet dui. Viverra accumsan in nisl nisi scelerisque eu. Dui faucibus in ornare quam viverra orci. Ut consequat semper viverra nam libero justo laoreet sit amet. Iaculis nunc sed augue lacus viverra. Sed odio morbi quis commodo odio aenean sed adipiscing diam. Sit amet facilisis magna etiam tempor orci. Mauris vitae ultricies leo integer malesuada nunc. Enim eu turpis egestas pretium aenean pharetra magna ac. Pharetra magna ac placerat vestibulum lectus. Sit amet risus nullam eget felis eget. Id nibh tortor id aliquet lectus proin nibh nisl. Egestas congue quisque egestas diam in. Euismod elementum nisi quis eleifend quam adipiscing vitae proin sagittis. Suspendisse in est ante in. Ut aliquam purus sit amet luctus venenatis. Faucibus turpis in eu mi bibendum neque. Mauris a diam maecenas sed enim ut sem.\r\n\r\nFeugiat scelerisque varius morbi enim nunc faucibus a pellentesque. Semper risus in hendrerit gravida rutrum quisque. Platea dictumst vestibulum rhoncus est pellentesque elit ullamcorper. Enim neque volutpat ac tincidunt vitae. Lorem ipsum dolor sit amet consectetur adipiscing elit duis tristique. Aliquam faucibus purus in massa tempor nec feugiat nisl pretium. Et malesuada fames ac turpis egestas sed. Aliquet nec ullamcorper sit amet risus nullam eget felis. Sit amet risus nullam eget felis eget nunc. Nisl purus in mollis nunc sed. Tortor vitae purus faucibus ornare suspendisse sed nisi. Aliquam etiam erat velit scelerisque in dictum non consectetur. Diam volutpat commodo sed egestas egestas fringilla phasellus faucibus. Congue eu consequat ac felis donec et. Aenean euismod elementum nisi quis eleifend quam adipiscing vitae proin. Sed vulputate mi sit amet mauris commodo quis imperdiet massa.\r\n\r\nNeque convallis a cras semper auctor neque vitae tempus quam. Morbi tristique senectus et netus et. Pellentesque sit amet porttitor eget dolor. Blandit aliquam etiam erat velit scelerisque in dictum non consectetur. Morbi leo urna molestie at elementum. Ultrices gravida dictum fusce ut placerat orci nulla pellentesque dignissim. In hendrerit gravida rutrum quisque non. In metus vulputate eu scelerisque felis imperdiet proin. Mauris rhoncus aenean vel elit. Pharetra et ultrices neque ornare aenean euismod elementum nisi. Purus sit amet volutpat consequat mauris nunc congue nisi. Cursus vitae congue mauris rhoncus aenean vel elit scelerisque.\r\n\r\nCursus sit amet dictum sit amet justo donec enim. Arcu cursus euismod quis viverra. Et magnis dis parturient montes. Mattis nunc sed blandit libero volutpat sed. Urna molestie at elementum eu facilisis sed odio. Sed odio morbi quis commodo odio. Diam ut venenatis tellus in. Adipiscing tristique risus nec feugiat. Amet aliquam id diam maecenas ultricies mi eget mauris. Felis donec et odio pellentesque diam volutpat commodo sed egestas. Lorem mollis aliquam ut porttitor leo a. Consectetur adipiscing elit ut aliquam purus. Sit amet consectetur adipiscing elit ut aliquam purus sit. Amet luctus venenatis lectus magna fringilla. Mauris pellentesque pulvinar pellentesque habitant morbi tristique senectus. Sed sed risus pretium quam. Ullamcorper dignissim cras tincidunt lobortis feugiat vivamus at. Lacus suspendisse faucibus interdum posuere lorem. Vitae auctor eu augue ut lectus arcu bibendum at varius. Duis ultricies lacus sed turpis tincidunt id aliquet risus.\r\n\r\nSed blandit libero volutpat sed cras ornare arcu dui vivamus. Iaculis urna id volutpat lacus laoreet non. Nulla pharetra diam sit amet nisl suscipit. Tincidunt id aliquet risus feugiat in ante. Maecenas accumsan lacus vel facilisis volutpat est velit egestas. Faucibus nisl tincidunt eget nullam non nisi est. Ut tortor pretium viverra suspendisse potenti nullam. Sapien faucibus et molestie ac feugiat. Laoreet sit amet cursus sit amet. Ipsum consequat nisl vel pretium lectus. Id aliquet lectus proin nibh nisl. Vitae congue eu consequat ac felis donec. Amet cursus sit amet dictum sit amet justo. Posuere ac ut consequat semper viverra nam libero justo. Neque sodales ut etiam sit. Lectus mauris ultrices eros in cursus turpis massa.', 20, 11, NULL, 3),
(40, 'Keycap pro 9', '\\images\\products\\keycaps\\9.jpg', 'Pro handmade Keyholic keycap', 'Lorem ipsum dolor sit amet, consectetur adipiscing elit, sed do eiusmod tempor incididunt ut labore et dolore magna aliqua. Commodo elit at imperdiet dui. Viverra accumsan in nisl nisi scelerisque eu. Dui faucibus in ornare quam viverra orci. Ut consequat semper viverra nam libero justo laoreet sit amet. Iaculis nunc sed augue lacus viverra. Sed odio morbi quis commodo odio aenean sed adipiscing diam. Sit amet facilisis magna etiam tempor orci. Mauris vitae ultricies leo integer malesuada nunc. Enim eu turpis egestas pretium aenean pharetra magna ac. Pharetra magna ac placerat vestibulum lectus. Sit amet risus nullam eget felis eget. Id nibh tortor id aliquet lectus proin nibh nisl. Egestas congue quisque egestas diam in. Euismod elementum nisi quis eleifend quam adipiscing vitae proin sagittis. Suspendisse in est ante in. Ut aliquam purus sit amet luctus venenatis. Faucibus turpis in eu mi bibendum neque. Mauris a diam maecenas sed enim ut sem.\r\n\r\nFeugiat scelerisque varius morbi enim nunc faucibus a pellentesque. Semper risus in hendrerit gravida rutrum quisque. Platea dictumst vestibulum rhoncus est pellentesque elit ullamcorper. Enim neque volutpat ac tincidunt vitae. Lorem ipsum dolor sit amet consectetur adipiscing elit duis tristique. Aliquam faucibus purus in massa tempor nec feugiat nisl pretium. Et malesuada fames ac turpis egestas sed. Aliquet nec ullamcorper sit amet risus nullam eget felis. Sit amet risus nullam eget felis eget nunc. Nisl purus in mollis nunc sed. Tortor vitae purus faucibus ornare suspendisse sed nisi. Aliquam etiam erat velit scelerisque in dictum non consectetur. Diam volutpat commodo sed egestas egestas fringilla phasellus faucibus. Congue eu consequat ac felis donec et. Aenean euismod elementum nisi quis eleifend quam adipiscing vitae proin. Sed vulputate mi sit amet mauris commodo quis imperdiet massa.\r\n\r\nNeque convallis a cras semper auctor neque vitae tempus quam. Morbi tristique senectus et netus et. Pellentesque sit amet porttitor eget dolor. Blandit aliquam etiam erat velit scelerisque in dictum non consectetur. Morbi leo urna molestie at elementum. Ultrices gravida dictum fusce ut placerat orci nulla pellentesque dignissim. In hendrerit gravida rutrum quisque non. In metus vulputate eu scelerisque felis imperdiet proin. Mauris rhoncus aenean vel elit. Pharetra et ultrices neque ornare aenean euismod elementum nisi. Purus sit amet volutpat consequat mauris nunc congue nisi. Cursus vitae congue mauris rhoncus aenean vel elit scelerisque.\r\n\r\nCursus sit amet dictum sit amet justo donec enim. Arcu cursus euismod quis viverra. Et magnis dis parturient montes. Mattis nunc sed blandit libero volutpat sed. Urna molestie at elementum eu facilisis sed odio. Sed odio morbi quis commodo odio. Diam ut venenatis tellus in. Adipiscing tristique risus nec feugiat. Amet aliquam id diam maecenas ultricies mi eget mauris. Felis donec et odio pellentesque diam volutpat commodo sed egestas. Lorem mollis aliquam ut porttitor leo a. Consectetur adipiscing elit ut aliquam purus. Sit amet consectetur adipiscing elit ut aliquam purus sit. Amet luctus venenatis lectus magna fringilla. Mauris pellentesque pulvinar pellentesque habitant morbi tristique senectus. Sed sed risus pretium quam. Ullamcorper dignissim cras tincidunt lobortis feugiat vivamus at. Lacus suspendisse faucibus interdum posuere lorem. Vitae auctor eu augue ut lectus arcu bibendum at varius. Duis ultricies lacus sed turpis tincidunt id aliquet risus.\r\n\r\nSed blandit libero volutpat sed cras ornare arcu dui vivamus. Iaculis urna id volutpat lacus laoreet non. Nulla pharetra diam sit amet nisl suscipit. Tincidunt id aliquet risus feugiat in ante. Maecenas accumsan lacus vel facilisis volutpat est velit egestas. Faucibus nisl tincidunt eget nullam non nisi est. Ut tortor pretium viverra suspendisse potenti nullam. Sapien faucibus et molestie ac feugiat. Laoreet sit amet cursus sit amet. Ipsum consequat nisl vel pretium lectus. Id aliquet lectus proin nibh nisl. Vitae congue eu consequat ac felis donec. Amet cursus sit amet dictum sit amet justo. Posuere ac ut consequat semper viverra nam libero justo. Neque sodales ut etiam sit. Lectus mauris ultrices eros in cursus turpis massa.', 30, 28, NULL, 2);
INSERT INTO `products` (`id`, `name`, `image`, `short_description`, `description`, `price`, `sale_price`, `brand_id`, `category_id`) VALUES
(41, 'Keycap pro 10', '\\images\\products\\keycaps\\10.jpg', 'Pro handmade Keyholic keycap', 'Lorem ipsum dolor sit amet, consectetur adipiscing elit, sed do eiusmod tempor incididunt ut labore et dolore magna aliqua. Commodo elit at imperdiet dui. Viverra accumsan in nisl nisi scelerisque eu. Dui faucibus in ornare quam viverra orci. Ut consequat semper viverra nam libero justo laoreet sit amet. Iaculis nunc sed augue lacus viverra. Sed odio morbi quis commodo odio aenean sed adipiscing diam. Sit amet facilisis magna etiam tempor orci. Mauris vitae ultricies leo integer malesuada nunc. Enim eu turpis egestas pretium aenean pharetra magna ac. Pharetra magna ac placerat vestibulum lectus. Sit amet risus nullam eget felis eget. Id nibh tortor id aliquet lectus proin nibh nisl. Egestas congue quisque egestas diam in. Euismod elementum nisi quis eleifend quam adipiscing vitae proin sagittis. Suspendisse in est ante in. Ut aliquam purus sit amet luctus venenatis. Faucibus turpis in eu mi bibendum neque. Mauris a diam maecenas sed enim ut sem.\r\n\r\nFeugiat scelerisque varius morbi enim nunc faucibus a pellentesque. Semper risus in hendrerit gravida rutrum quisque. Platea dictumst vestibulum rhoncus est pellentesque elit ullamcorper. Enim neque volutpat ac tincidunt vitae. Lorem ipsum dolor sit amet consectetur adipiscing elit duis tristique. Aliquam faucibus purus in massa tempor nec feugiat nisl pretium. Et malesuada fames ac turpis egestas sed. Aliquet nec ullamcorper sit amet risus nullam eget felis. Sit amet risus nullam eget felis eget nunc. Nisl purus in mollis nunc sed. Tortor vitae purus faucibus ornare suspendisse sed nisi. Aliquam etiam erat velit scelerisque in dictum non consectetur. Diam volutpat commodo sed egestas egestas fringilla phasellus faucibus. Congue eu consequat ac felis donec et. Aenean euismod elementum nisi quis eleifend quam adipiscing vitae proin. Sed vulputate mi sit amet mauris commodo quis imperdiet massa.\r\n\r\nNeque convallis a cras semper auctor neque vitae tempus quam. Morbi tristique senectus et netus et. Pellentesque sit amet porttitor eget dolor. Blandit aliquam etiam erat velit scelerisque in dictum non consectetur. Morbi leo urna molestie at elementum. Ultrices gravida dictum fusce ut placerat orci nulla pellentesque dignissim. In hendrerit gravida rutrum quisque non. In metus vulputate eu scelerisque felis imperdiet proin. Mauris rhoncus aenean vel elit. Pharetra et ultrices neque ornare aenean euismod elementum nisi. Purus sit amet volutpat consequat mauris nunc congue nisi. Cursus vitae congue mauris rhoncus aenean vel elit scelerisque.\r\n\r\nCursus sit amet dictum sit amet justo donec enim. Arcu cursus euismod quis viverra. Et magnis dis parturient montes. Mattis nunc sed blandit libero volutpat sed. Urna molestie at elementum eu facilisis sed odio. Sed odio morbi quis commodo odio. Diam ut venenatis tellus in. Adipiscing tristique risus nec feugiat. Amet aliquam id diam maecenas ultricies mi eget mauris. Felis donec et odio pellentesque diam volutpat commodo sed egestas. Lorem mollis aliquam ut porttitor leo a. Consectetur adipiscing elit ut aliquam purus. Sit amet consectetur adipiscing elit ut aliquam purus sit. Amet luctus venenatis lectus magna fringilla. Mauris pellentesque pulvinar pellentesque habitant morbi tristique senectus. Sed sed risus pretium quam. Ullamcorper dignissim cras tincidunt lobortis feugiat vivamus at. Lacus suspendisse faucibus interdum posuere lorem. Vitae auctor eu augue ut lectus arcu bibendum at varius. Duis ultricies lacus sed turpis tincidunt id aliquet risus.\r\n\r\nSed blandit libero volutpat sed cras ornare arcu dui vivamus. Iaculis urna id volutpat lacus laoreet non. Nulla pharetra diam sit amet nisl suscipit. Tincidunt id aliquet risus feugiat in ante. Maecenas accumsan lacus vel facilisis volutpat est velit egestas. Faucibus nisl tincidunt eget nullam non nisi est. Ut tortor pretium viverra suspendisse potenti nullam. Sapien faucibus et molestie ac feugiat. Laoreet sit amet cursus sit amet. Ipsum consequat nisl vel pretium lectus. Id aliquet lectus proin nibh nisl. Vitae congue eu consequat ac felis donec. Amet cursus sit amet dictum sit amet justo. Posuere ac ut consequat semper viverra nam libero justo. Neque sodales ut etiam sit. Lectus mauris ultrices eros in cursus turpis massa.', 30, 25, NULL, 2),
(42, 'Keycap pro 11', '\\images\\products\\keycaps\\11.jpg', 'Pro handmade Keyholic keycap', 'Lorem ipsum dolor sit amet, consectetur adipiscing elit, sed do eiusmod tempor incididunt ut labore et dolore magna aliqua. Commodo elit at imperdiet dui. Viverra accumsan in nisl nisi scelerisque eu. Dui faucibus in ornare quam viverra orci. Ut consequat semper viverra nam libero justo laoreet sit amet. Iaculis nunc sed augue lacus viverra. Sed odio morbi quis commodo odio aenean sed adipiscing diam. Sit amet facilisis magna etiam tempor orci. Mauris vitae ultricies leo integer malesuada nunc. Enim eu turpis egestas pretium aenean pharetra magna ac. Pharetra magna ac placerat vestibulum lectus. Sit amet risus nullam eget felis eget. Id nibh tortor id aliquet lectus proin nibh nisl. Egestas congue quisque egestas diam in. Euismod elementum nisi quis eleifend quam adipiscing vitae proin sagittis. Suspendisse in est ante in. Ut aliquam purus sit amet luctus venenatis. Faucibus turpis in eu mi bibendum neque. Mauris a diam maecenas sed enim ut sem.\r\n\r\nFeugiat scelerisque varius morbi enim nunc faucibus a pellentesque. Semper risus in hendrerit gravida rutrum quisque. Platea dictumst vestibulum rhoncus est pellentesque elit ullamcorper. Enim neque volutpat ac tincidunt vitae. Lorem ipsum dolor sit amet consectetur adipiscing elit duis tristique. Aliquam faucibus purus in massa tempor nec feugiat nisl pretium. Et malesuada fames ac turpis egestas sed. Aliquet nec ullamcorper sit amet risus nullam eget felis. Sit amet risus nullam eget felis eget nunc. Nisl purus in mollis nunc sed. Tortor vitae purus faucibus ornare suspendisse sed nisi. Aliquam etiam erat velit scelerisque in dictum non consectetur. Diam volutpat commodo sed egestas egestas fringilla phasellus faucibus. Congue eu consequat ac felis donec et. Aenean euismod elementum nisi quis eleifend quam adipiscing vitae proin. Sed vulputate mi sit amet mauris commodo quis imperdiet massa.\r\n\r\nNeque convallis a cras semper auctor neque vitae tempus quam. Morbi tristique senectus et netus et. Pellentesque sit amet porttitor eget dolor. Blandit aliquam etiam erat velit scelerisque in dictum non consectetur. Morbi leo urna molestie at elementum. Ultrices gravida dictum fusce ut placerat orci nulla pellentesque dignissim. In hendrerit gravida rutrum quisque non. In metus vulputate eu scelerisque felis imperdiet proin. Mauris rhoncus aenean vel elit. Pharetra et ultrices neque ornare aenean euismod elementum nisi. Purus sit amet volutpat consequat mauris nunc congue nisi. Cursus vitae congue mauris rhoncus aenean vel elit scelerisque.\r\n\r\nCursus sit amet dictum sit amet justo donec enim. Arcu cursus euismod quis viverra. Et magnis dis parturient montes. Mattis nunc sed blandit libero volutpat sed. Urna molestie at elementum eu facilisis sed odio. Sed odio morbi quis commodo odio. Diam ut venenatis tellus in. Adipiscing tristique risus nec feugiat. Amet aliquam id diam maecenas ultricies mi eget mauris. Felis donec et odio pellentesque diam volutpat commodo sed egestas. Lorem mollis aliquam ut porttitor leo a. Consectetur adipiscing elit ut aliquam purus. Sit amet consectetur adipiscing elit ut aliquam purus sit. Amet luctus venenatis lectus magna fringilla. Mauris pellentesque pulvinar pellentesque habitant morbi tristique senectus. Sed sed risus pretium quam. Ullamcorper dignissim cras tincidunt lobortis feugiat vivamus at. Lacus suspendisse faucibus interdum posuere lorem. Vitae auctor eu augue ut lectus arcu bibendum at varius. Duis ultricies lacus sed turpis tincidunt id aliquet risus.\r\n\r\nSed blandit libero volutpat sed cras ornare arcu dui vivamus. Iaculis urna id volutpat lacus laoreet non. Nulla pharetra diam sit amet nisl suscipit. Tincidunt id aliquet risus feugiat in ante. Maecenas accumsan lacus vel facilisis volutpat est velit egestas. Faucibus nisl tincidunt eget nullam non nisi est. Ut tortor pretium viverra suspendisse potenti nullam. Sapien faucibus et molestie ac feugiat. Laoreet sit amet cursus sit amet. Ipsum consequat nisl vel pretium lectus. Id aliquet lectus proin nibh nisl. Vitae congue eu consequat ac felis donec. Amet cursus sit amet dictum sit amet justo. Posuere ac ut consequat semper viverra nam libero justo. Neque sodales ut etiam sit. Lectus mauris ultrices eros in cursus turpis massa.', 35, 30, NULL, 2),
(43, 'Keycap pro 13', '\\images\\products\\keycaps\\13.jpg', 'Pro handmade Keyholic keycap', 'Lorem ipsum dolor sit amet, consectetur adipiscing elit, sed do eiusmod tempor incididunt ut labore et dolore magna aliqua. Commodo elit at imperdiet dui. Viverra accumsan in nisl nisi scelerisque eu. Dui faucibus in ornare quam viverra orci. Ut consequat semper viverra nam libero justo laoreet sit amet. Iaculis nunc sed augue lacus viverra. Sed odio morbi quis commodo odio aenean sed adipiscing diam. Sit amet facilisis magna etiam tempor orci. Mauris vitae ultricies leo integer malesuada nunc. Enim eu turpis egestas pretium aenean pharetra magna ac. Pharetra magna ac placerat vestibulum lectus. Sit amet risus nullam eget felis eget. Id nibh tortor id aliquet lectus proin nibh nisl. Egestas congue quisque egestas diam in. Euismod elementum nisi quis eleifend quam adipiscing vitae proin sagittis. Suspendisse in est ante in. Ut aliquam purus sit amet luctus venenatis. Faucibus turpis in eu mi bibendum neque. Mauris a diam maecenas sed enim ut sem.\r\n\r\nFeugiat scelerisque varius morbi enim nunc faucibus a pellentesque. Semper risus in hendrerit gravida rutrum quisque. Platea dictumst vestibulum rhoncus est pellentesque elit ullamcorper. Enim neque volutpat ac tincidunt vitae. Lorem ipsum dolor sit amet consectetur adipiscing elit duis tristique. Aliquam faucibus purus in massa tempor nec feugiat nisl pretium. Et malesuada fames ac turpis egestas sed. Aliquet nec ullamcorper sit amet risus nullam eget felis. Sit amet risus nullam eget felis eget nunc. Nisl purus in mollis nunc sed. Tortor vitae purus faucibus ornare suspendisse sed nisi. Aliquam etiam erat velit scelerisque in dictum non consectetur. Diam volutpat commodo sed egestas egestas fringilla phasellus faucibus. Congue eu consequat ac felis donec et. Aenean euismod elementum nisi quis eleifend quam adipiscing vitae proin. Sed vulputate mi sit amet mauris commodo quis imperdiet massa.\r\n\r\nNeque convallis a cras semper auctor neque vitae tempus quam. Morbi tristique senectus et netus et. Pellentesque sit amet porttitor eget dolor. Blandit aliquam etiam erat velit scelerisque in dictum non consectetur. Morbi leo urna molestie at elementum. Ultrices gravida dictum fusce ut placerat orci nulla pellentesque dignissim. In hendrerit gravida rutrum quisque non. In metus vulputate eu scelerisque felis imperdiet proin. Mauris rhoncus aenean vel elit. Pharetra et ultrices neque ornare aenean euismod elementum nisi. Purus sit amet volutpat consequat mauris nunc congue nisi. Cursus vitae congue mauris rhoncus aenean vel elit scelerisque.\r\n\r\nCursus sit amet dictum sit amet justo donec enim. Arcu cursus euismod quis viverra. Et magnis dis parturient montes. Mattis nunc sed blandit libero volutpat sed. Urna molestie at elementum eu facilisis sed odio. Sed odio morbi quis commodo odio. Diam ut venenatis tellus in. Adipiscing tristique risus nec feugiat. Amet aliquam id diam maecenas ultricies mi eget mauris. Felis donec et odio pellentesque diam volutpat commodo sed egestas. Lorem mollis aliquam ut porttitor leo a. Consectetur adipiscing elit ut aliquam purus. Sit amet consectetur adipiscing elit ut aliquam purus sit. Amet luctus venenatis lectus magna fringilla. Mauris pellentesque pulvinar pellentesque habitant morbi tristique senectus. Sed sed risus pretium quam. Ullamcorper dignissim cras tincidunt lobortis feugiat vivamus at. Lacus suspendisse faucibus interdum posuere lorem. Vitae auctor eu augue ut lectus arcu bibendum at varius. Duis ultricies lacus sed turpis tincidunt id aliquet risus.\r\n\r\nSed blandit libero volutpat sed cras ornare arcu dui vivamus. Iaculis urna id volutpat lacus laoreet non. Nulla pharetra diam sit amet nisl suscipit. Tincidunt id aliquet risus feugiat in ante. Maecenas accumsan lacus vel facilisis volutpat est velit egestas. Faucibus nisl tincidunt eget nullam non nisi est. Ut tortor pretium viverra suspendisse potenti nullam. Sapien faucibus et molestie ac feugiat. Laoreet sit amet cursus sit amet. Ipsum consequat nisl vel pretium lectus. Id aliquet lectus proin nibh nisl. Vitae congue eu consequat ac felis donec. Amet cursus sit amet dictum sit amet justo. Posuere ac ut consequat semper viverra nam libero justo. Neque sodales ut etiam sit. Lectus mauris ultrices eros in cursus turpis massa.', 30, 29, NULL, 2),
(44, 'Keycap pro 14', '\\images\\products\\keycaps\\14.jpg', 'Pro handmade Keyholic keycap', 'Lorem ipsum dolor sit amet, consectetur adipiscing elit, sed do eiusmod tempor incididunt ut labore et dolore magna aliqua. Commodo elit at imperdiet dui. Viverra accumsan in nisl nisi scelerisque eu. Dui faucibus in ornare quam viverra orci. Ut consequat semper viverra nam libero justo laoreet sit amet. Iaculis nunc sed augue lacus viverra. Sed odio morbi quis commodo odio aenean sed adipiscing diam. Sit amet facilisis magna etiam tempor orci. Mauris vitae ultricies leo integer malesuada nunc. Enim eu turpis egestas pretium aenean pharetra magna ac. Pharetra magna ac placerat vestibulum lectus. Sit amet risus nullam eget felis eget. Id nibh tortor id aliquet lectus proin nibh nisl. Egestas congue quisque egestas diam in. Euismod elementum nisi quis eleifend quam adipiscing vitae proin sagittis. Suspendisse in est ante in. Ut aliquam purus sit amet luctus venenatis. Faucibus turpis in eu mi bibendum neque. Mauris a diam maecenas sed enim ut sem.\r\n\r\nFeugiat scelerisque varius morbi enim nunc faucibus a pellentesque. Semper risus in hendrerit gravida rutrum quisque. Platea dictumst vestibulum rhoncus est pellentesque elit ullamcorper. Enim neque volutpat ac tincidunt vitae. Lorem ipsum dolor sit amet consectetur adipiscing elit duis tristique. Aliquam faucibus purus in massa tempor nec feugiat nisl pretium. Et malesuada fames ac turpis egestas sed. Aliquet nec ullamcorper sit amet risus nullam eget felis. Sit amet risus nullam eget felis eget nunc. Nisl purus in mollis nunc sed. Tortor vitae purus faucibus ornare suspendisse sed nisi. Aliquam etiam erat velit scelerisque in dictum non consectetur. Diam volutpat commodo sed egestas egestas fringilla phasellus faucibus. Congue eu consequat ac felis donec et. Aenean euismod elementum nisi quis eleifend quam adipiscing vitae proin. Sed vulputate mi sit amet mauris commodo quis imperdiet massa.\r\n\r\nNeque convallis a cras semper auctor neque vitae tempus quam. Morbi tristique senectus et netus et. Pellentesque sit amet porttitor eget dolor. Blandit aliquam etiam erat velit scelerisque in dictum non consectetur. Morbi leo urna molestie at elementum. Ultrices gravida dictum fusce ut placerat orci nulla pellentesque dignissim. In hendrerit gravida rutrum quisque non. In metus vulputate eu scelerisque felis imperdiet proin. Mauris rhoncus aenean vel elit. Pharetra et ultrices neque ornare aenean euismod elementum nisi. Purus sit amet volutpat consequat mauris nunc congue nisi. Cursus vitae congue mauris rhoncus aenean vel elit scelerisque.\r\n\r\nCursus sit amet dictum sit amet justo donec enim. Arcu cursus euismod quis viverra. Et magnis dis parturient montes. Mattis nunc sed blandit libero volutpat sed. Urna molestie at elementum eu facilisis sed odio. Sed odio morbi quis commodo odio. Diam ut venenatis tellus in. Adipiscing tristique risus nec feugiat. Amet aliquam id diam maecenas ultricies mi eget mauris. Felis donec et odio pellentesque diam volutpat commodo sed egestas. Lorem mollis aliquam ut porttitor leo a. Consectetur adipiscing elit ut aliquam purus. Sit amet consectetur adipiscing elit ut aliquam purus sit. Amet luctus venenatis lectus magna fringilla. Mauris pellentesque pulvinar pellentesque habitant morbi tristique senectus. Sed sed risus pretium quam. Ullamcorper dignissim cras tincidunt lobortis feugiat vivamus at. Lacus suspendisse faucibus interdum posuere lorem. Vitae auctor eu augue ut lectus arcu bibendum at varius. Duis ultricies lacus sed turpis tincidunt id aliquet risus.\r\n\r\nSed blandit libero volutpat sed cras ornare arcu dui vivamus. Iaculis urna id volutpat lacus laoreet non. Nulla pharetra diam sit amet nisl suscipit. Tincidunt id aliquet risus feugiat in ante. Maecenas accumsan lacus vel facilisis volutpat est velit egestas. Faucibus nisl tincidunt eget nullam non nisi est. Ut tortor pretium viverra suspendisse potenti nullam. Sapien faucibus et molestie ac feugiat. Laoreet sit amet cursus sit amet. Ipsum consequat nisl vel pretium lectus. Id aliquet lectus proin nibh nisl. Vitae congue eu consequat ac felis donec. Amet cursus sit amet dictum sit amet justo. Posuere ac ut consequat semper viverra nam libero justo. Neque sodales ut etiam sit. Lectus mauris ultrices eros in cursus turpis massa.', 30, 28, NULL, 2),
(45, 'Filco Majestouch Minila-R Convertible Asagi Camouflage', '\\images\\products\\filco\\Filco Majestouch Minila-R Convertible Asagi Camouflage (1).jpg', 'High quality mechanical keyboard from Keyholic with love !!!', 'Lorem ipsum dolor sit amet, consectetur adipiscing elit, sed do eiusmod tempor incididunt ut labore et dolore magna aliqua. Commodo elit at imperdiet dui. Viverra accumsan in nisl nisi scelerisque eu. Dui faucibus in ornare quam viverra orci. Ut consequat semper viverra nam libero justo laoreet sit amet. Iaculis nunc sed augue lacus viverra. Sed odio morbi quis commodo odio aenean sed adipiscing diam. Sit amet facilisis magna etiam tempor orci. Mauris vitae ultricies leo integer malesuada nunc. Enim eu turpis egestas pretium aenean pharetra magna ac. Pharetra magna ac placerat vestibulum lectus. Sit amet risus nullam eget felis eget. Id nibh tortor id aliquet lectus proin nibh nisl. Egestas congue quisque egestas diam in. Euismod elementum nisi quis eleifend quam adipiscing vitae proin sagittis. Suspendisse in est ante in. Ut aliquam purus sit amet luctus venenatis. Faucibus turpis in eu mi bibendum neque. Mauris a diam maecenas sed enim ut sem.\r\n\r\nFeugiat scelerisque varius morbi enim nunc faucibus a pellentesque. Semper risus in hendrerit gravida rutrum quisque. Platea dictumst vestibulum rhoncus est pellentesque elit ullamcorper. Enim neque volutpat ac tincidunt vitae. Lorem ipsum dolor sit amet consectetur adipiscing elit duis tristique. Aliquam faucibus purus in massa tempor nec feugiat nisl pretium. Et malesuada fames ac turpis egestas sed. Aliquet nec ullamcorper sit amet risus nullam eget felis. Sit amet risus nullam eget felis eget nunc. Nisl purus in mollis nunc sed. Tortor vitae purus faucibus ornare suspendisse sed nisi. Aliquam etiam erat velit scelerisque in dictum non consectetur. Diam volutpat commodo sed egestas egestas fringilla phasellus faucibus. Congue eu consequat ac felis donec et. Aenean euismod elementum nisi quis eleifend quam adipiscing vitae proin. Sed vulputate mi sit amet mauris commodo quis imperdiet massa.\r\n\r\nNeque convallis a cras semper auctor neque vitae tempus quam. Morbi tristique senectus et netus et. Pellentesque sit amet porttitor eget dolor. Blandit aliquam etiam erat velit scelerisque in dictum non consectetur. Morbi leo urna molestie at elementum. Ultrices gravida dictum fusce ut placerat orci nulla pellentesque dignissim. In hendrerit gravida rutrum quisque non. In metus vulputate eu scelerisque felis imperdiet proin. Mauris rhoncus aenean vel elit. Pharetra et ultrices neque ornare aenean euismod elementum nisi. Purus sit amet volutpat consequat mauris nunc congue nisi. Cursus vitae congue mauris rhoncus aenean vel elit scelerisque.\r\n\r\nCursus sit amet dictum sit amet justo donec enim. Arcu cursus euismod quis viverra. Et magnis dis parturient montes. Mattis nunc sed blandit libero volutpat sed. Urna molestie at elementum eu facilisis sed odio. Sed odio morbi quis commodo odio. Diam ut venenatis tellus in. Adipiscing tristique risus nec feugiat. Amet aliquam id diam maecenas ultricies mi eget mauris. Felis donec et odio pellentesque diam volutpat commodo sed egestas. Lorem mollis aliquam ut porttitor leo a. Consectetur adipiscing elit ut aliquam purus. Sit amet consectetur adipiscing elit ut aliquam purus sit. Amet luctus venenatis lectus magna fringilla. Mauris pellentesque pulvinar pellentesque habitant morbi tristique senectus. Sed sed risus pretium quam. Ullamcorper dignissim cras tincidunt lobortis feugiat vivamus at. Lacus suspendisse faucibus interdum posuere lorem. Vitae auctor eu augue ut lectus arcu bibendum at varius. Duis ultricies lacus sed turpis tincidunt id aliquet risus.\r\n\r\nSed blandit libero volutpat sed cras ornare arcu dui vivamus. Iaculis urna id volutpat lacus laoreet non. Nulla pharetra diam sit amet nisl suscipit. Tincidunt id aliquet risus feugiat in ante. Maecenas accumsan lacus vel facilisis volutpat est velit egestas. Faucibus nisl tincidunt eget nullam non nisi est. Ut tortor pretium viverra suspendisse potenti nullam. Sapien faucibus et molestie ac feugiat. Laoreet sit amet cursus sit amet. Ipsum consequat nisl vel pretium lectus. Id aliquet lectus proin nibh nisl. Vitae congue eu consequat ac felis donec. Amet cursus sit amet dictum sit amet justo. Posuere ac ut consequat semper viverra nam libero justo. Neque sodales ut etiam sit. Lectus mauris ultrices eros in cursus turpis massa.', 699, 499, 2, 1),
(46, 'Keycap Pro Vietnam 15', '\\images\\products\\keycaps\\15.jpg', 'High quality Keycap from Vietnam', 'Lorem ipsum dolor sit amet, consectetur adipiscing elit, sed do eiusmod tempor incididunt ut labore et dolore magna aliqua. Commodo elit at imperdiet dui. Viverra accumsan in nisl nisi scelerisque eu. Dui faucibus in ornare quam viverra orci. Ut consequat semper viverra nam libero justo laoreet sit amet. Iaculis nunc sed augue lacus viverra. Sed odio morbi quis commodo odio aenean sed adipiscing diam. Sit amet facilisis magna etiam tempor orci. Mauris vitae ultricies leo integer malesuada nunc. Enim eu turpis egestas pretium aenean pharetra magna ac. Pharetra magna ac placerat vestibulum lectus. Sit amet risus nullam eget felis eget. Id nibh tortor id aliquet lectus proin nibh nisl. Egestas congue quisque egestas diam in. Euismod elementum nisi quis eleifend quam adipiscing vitae proin sagittis. Suspendisse in est ante in. Ut aliquam purus sit amet luctus venenatis. Faucibus turpis in eu mi bibendum neque. Mauris a diam maecenas sed enim ut sem.\r\n\r\nFeugiat scelerisque varius morbi enim nunc faucibus a pellentesque. Semper risus in hendrerit gravida rutrum quisque. Platea dictumst vestibulum rhoncus est pellentesque elit ullamcorper. Enim neque volutpat ac tincidunt vitae. Lorem ipsum dolor sit amet consectetur adipiscing elit duis tristique. Aliquam faucibus purus in massa tempor nec feugiat nisl pretium. Et malesuada fames ac turpis egestas sed. Aliquet nec ullamcorper sit amet risus nullam eget felis. Sit amet risus nullam eget felis eget nunc. Nisl purus in mollis nunc sed. Tortor vitae purus faucibus ornare suspendisse sed nisi. Aliquam etiam erat velit scelerisque in dictum non consectetur. Diam volutpat commodo sed egestas egestas fringilla phasellus faucibus. Congue eu consequat ac felis donec et. Aenean euismod elementum nisi quis eleifend quam adipiscing vitae proin. Sed vulputate mi sit amet mauris commodo quis imperdiet massa.\r\n\r\nNeque convallis a cras semper auctor neque vitae tempus quam. Morbi tristique senectus et netus et. Pellentesque sit amet porttitor eget dolor. Blandit aliquam etiam erat velit scelerisque in dictum non consectetur. Morbi leo urna molestie at elementum. Ultrices gravida dictum fusce ut placerat orci nulla pellentesque dignissim. In hendrerit gravida rutrum quisque non. In metus vulputate eu scelerisque felis imperdiet proin. Mauris rhoncus aenean vel elit. Pharetra et ultrices neque ornare aenean euismod elementum nisi. Purus sit amet volutpat consequat mauris nunc congue nisi. Cursus vitae congue mauris rhoncus aenean vel elit scelerisque.\r\n\r\nCursus sit amet dictum sit amet justo donec enim. Arcu cursus euismod quis viverra. Et magnis dis parturient montes. Mattis nunc sed blandit libero volutpat sed. Urna molestie at elementum eu facilisis sed odio. Sed odio morbi quis commodo odio. Diam ut venenatis tellus in. Adipiscing tristique risus nec feugiat. Amet aliquam id diam maecenas ultricies mi eget mauris. Felis donec et odio pellentesque diam volutpat commodo sed egestas. Lorem mollis aliquam ut porttitor leo a. Consectetur adipiscing elit ut aliquam purus. Sit amet consectetur adipiscing elit ut aliquam purus sit. Amet luctus venenatis lectus magna fringilla. Mauris pellentesque pulvinar pellentesque habitant morbi tristique senectus. Sed sed risus pretium quam. Ullamcorper dignissim cras tincidunt lobortis feugiat vivamus at. Lacus suspendisse faucibus interdum posuere lorem. Vitae auctor eu augue ut lectus arcu bibendum at varius. Duis ultricies lacus sed turpis tincidunt id aliquet risus.\r\n\r\nSed blandit libero volutpat sed cras ornare arcu dui vivamus. Iaculis urna id volutpat lacus laoreet non. Nulla pharetra diam sit amet nisl suscipit. Tincidunt id aliquet risus feugiat in ante. Maecenas accumsan lacus vel facilisis volutpat est velit egestas. Faucibus nisl tincidunt eget nullam non nisi est. Ut tortor pretium viverra suspendisse potenti nullam. Sapien faucibus et molestie ac feugiat. Laoreet sit amet cursus sit amet. Ipsum consequat nisl vel pretium lectus. Id aliquet lectus proin nibh nisl. Vitae congue eu consequat ac felis donec. Amet cursus sit amet dictum sit amet justo. Posuere ac ut consequat semper viverra nam libero justo. Neque sodales ut etiam sit. Lectus mauris ultrices eros in cursus turpis massa.', 49, 45, NULL, 2),
(47, 'Filco Majestouch Minila-R Convertible Matte Black Seiji', '\\images\\products\\filco\\Filco Majestouch Minila-R Convertible Matte Black Seiji (1).jpg', 'High quality mechanical keyboard from Keyholic with love !!!', 'Lorem ipsum dolor sit amet, consectetur adipiscing elit, sed do eiusmod tempor incididunt ut labore et dolore magna aliqua. Commodo elit at imperdiet dui. Viverra accumsan in nisl nisi scelerisque eu. Dui faucibus in ornare quam viverra orci. Ut consequat semper viverra nam libero justo laoreet sit amet. Iaculis nunc sed augue lacus viverra. Sed odio morbi quis commodo odio aenean sed adipiscing diam. Sit amet facilisis magna etiam tempor orci. Mauris vitae ultricies leo integer malesuada nunc. Enim eu turpis egestas pretium aenean pharetra magna ac. Pharetra magna ac placerat vestibulum lectus. Sit amet risus nullam eget felis eget. Id nibh tortor id aliquet lectus proin nibh nisl. Egestas congue quisque egestas diam in. Euismod elementum nisi quis eleifend quam adipiscing vitae proin sagittis. Suspendisse in est ante in. Ut aliquam purus sit amet luctus venenatis. Faucibus turpis in eu mi bibendum neque. Mauris a diam maecenas sed enim ut sem.\r\n\r\nFeugiat scelerisque varius morbi enim nunc faucibus a pellentesque. Semper risus in hendrerit gravida rutrum quisque. Platea dictumst vestibulum rhoncus est pellentesque elit ullamcorper. Enim neque volutpat ac tincidunt vitae. Lorem ipsum dolor sit amet consectetur adipiscing elit duis tristique. Aliquam faucibus purus in massa tempor nec feugiat nisl pretium. Et malesuada fames ac turpis egestas sed. Aliquet nec ullamcorper sit amet risus nullam eget felis. Sit amet risus nullam eget felis eget nunc. Nisl purus in mollis nunc sed. Tortor vitae purus faucibus ornare suspendisse sed nisi. Aliquam etiam erat velit scelerisque in dictum non consectetur. Diam volutpat commodo sed egestas egestas fringilla phasellus faucibus. Congue eu consequat ac felis donec et. Aenean euismod elementum nisi quis eleifend quam adipiscing vitae proin. Sed vulputate mi sit amet mauris commodo quis imperdiet massa.\r\n\r\nNeque convallis a cras semper auctor neque vitae tempus quam. Morbi tristique senectus et netus et. Pellentesque sit amet porttitor eget dolor. Blandit aliquam etiam erat velit scelerisque in dictum non consectetur. Morbi leo urna molestie at elementum. Ultrices gravida dictum fusce ut placerat orci nulla pellentesque dignissim. In hendrerit gravida rutrum quisque non. In metus vulputate eu scelerisque felis imperdiet proin. Mauris rhoncus aenean vel elit. Pharetra et ultrices neque ornare aenean euismod elementum nisi. Purus sit amet volutpat consequat mauris nunc congue nisi. Cursus vitae congue mauris rhoncus aenean vel elit scelerisque.\r\n\r\nCursus sit amet dictum sit amet justo donec enim. Arcu cursus euismod quis viverra. Et magnis dis parturient montes. Mattis nunc sed blandit libero volutpat sed. Urna molestie at elementum eu facilisis sed odio. Sed odio morbi quis commodo odio. Diam ut venenatis tellus in. Adipiscing tristique risus nec feugiat. Amet aliquam id diam maecenas ultricies mi eget mauris. Felis donec et odio pellentesque diam volutpat commodo sed egestas. Lorem mollis aliquam ut porttitor leo a. Consectetur adipiscing elit ut aliquam purus. Sit amet consectetur adipiscing elit ut aliquam purus sit. Amet luctus venenatis lectus magna fringilla. Mauris pellentesque pulvinar pellentesque habitant morbi tristique senectus. Sed sed risus pretium quam. Ullamcorper dignissim cras tincidunt lobortis feugiat vivamus at. Lacus suspendisse faucibus interdum posuere lorem. Vitae auctor eu augue ut lectus arcu bibendum at varius. Duis ultricies lacus sed turpis tincidunt id aliquet risus.\r\n\r\nSed blandit libero volutpat sed cras ornare arcu dui vivamus. Iaculis urna id volutpat lacus laoreet non. Nulla pharetra diam sit amet nisl suscipit. Tincidunt id aliquet risus feugiat in ante. Maecenas accumsan lacus vel facilisis volutpat est velit egestas. Faucibus nisl tincidunt eget nullam non nisi est. Ut tortor pretium viverra suspendisse potenti nullam. Sapien faucibus et molestie ac feugiat. Laoreet sit amet cursus sit amet. Ipsum consequat nisl vel pretium lectus. Id aliquet lectus proin nibh nisl. Vitae congue eu consequat ac felis donec. Amet cursus sit amet dictum sit amet justo. Posuere ac ut consequat semper viverra nam libero justo. Neque sodales ut etiam sit. Lectus mauris ultrices eros in cursus turpis massa.', 650, 599, 2, 1),
(48, 'Key palm rest Pink Color', '\\images\\products\\palm rest\\2.jpg', 'Colorful Rest Palm', 'Lorem ipsum dolor sit amet, consectetur adipiscing elit, sed do eiusmod tempor incididunt ut labore et dolore magna aliqua. Commodo elit at imperdiet dui. Viverra accumsan in nisl nisi scelerisque eu. Dui faucibus in ornare quam viverra orci. Ut consequat semper viverra nam libero justo laoreet sit amet. Iaculis nunc sed augue lacus viverra. Sed odio morbi quis commodo odio aenean sed adipiscing diam. Sit amet facilisis magna etiam tempor orci. Mauris vitae ultricies leo integer malesuada nunc. Enim eu turpis egestas pretium aenean pharetra magna ac. Pharetra magna ac placerat vestibulum lectus. Sit amet risus nullam eget felis eget. Id nibh tortor id aliquet lectus proin nibh nisl. Egestas congue quisque egestas diam in. Euismod elementum nisi quis eleifend quam adipiscing vitae proin sagittis. Suspendisse in est ante in. Ut aliquam purus sit amet luctus venenatis. Faucibus turpis in eu mi bibendum neque. Mauris a diam maecenas sed enim ut sem.\r\n\r\nFeugiat scelerisque varius morbi enim nunc faucibus a pellentesque. Semper risus in hendrerit gravida rutrum quisque. Platea dictumst vestibulum rhoncus est pellentesque elit ullamcorper. Enim neque volutpat ac tincidunt vitae. Lorem ipsum dolor sit amet consectetur adipiscing elit duis tristique. Aliquam faucibus purus in massa tempor nec feugiat nisl pretium. Et malesuada fames ac turpis egestas sed. Aliquet nec ullamcorper sit amet risus nullam eget felis. Sit amet risus nullam eget felis eget nunc. Nisl purus in mollis nunc sed. Tortor vitae purus faucibus ornare suspendisse sed nisi. Aliquam etiam erat velit scelerisque in dictum non consectetur. Diam volutpat commodo sed egestas egestas fringilla phasellus faucibus. Congue eu consequat ac felis donec et. Aenean euismod elementum nisi quis eleifend quam adipiscing vitae proin. Sed vulputate mi sit amet mauris commodo quis imperdiet massa.\r\n\r\nNeque convallis a cras semper auctor neque vitae tempus quam. Morbi tristique senectus et netus et. Pellentesque sit amet porttitor eget dolor. Blandit aliquam etiam erat velit scelerisque in dictum non consectetur. Morbi leo urna molestie at elementum. Ultrices gravida dictum fusce ut placerat orci nulla pellentesque dignissim. In hendrerit gravida rutrum quisque non. In metus vulputate eu scelerisque felis imperdiet proin. Mauris rhoncus aenean vel elit. Pharetra et ultrices neque ornare aenean euismod elementum nisi. Purus sit amet volutpat consequat mauris nunc congue nisi. Cursus vitae congue mauris rhoncus aenean vel elit scelerisque.\r\n\r\nCursus sit amet dictum sit amet justo donec enim. Arcu cursus euismod quis viverra. Et magnis dis parturient montes. Mattis nunc sed blandit libero volutpat sed. Urna molestie at elementum eu facilisis sed odio. Sed odio morbi quis commodo odio. Diam ut venenatis tellus in. Adipiscing tristique risus nec feugiat. Amet aliquam id diam maecenas ultricies mi eget mauris. Felis donec et odio pellentesque diam volutpat commodo sed egestas. Lorem mollis aliquam ut porttitor leo a. Consectetur adipiscing elit ut aliquam purus. Sit amet consectetur adipiscing elit ut aliquam purus sit. Amet luctus venenatis lectus magna fringilla. Mauris pellentesque pulvinar pellentesque habitant morbi tristique senectus. Sed sed risus pretium quam. Ullamcorper dignissim cras tincidunt lobortis feugiat vivamus at. Lacus suspendisse faucibus interdum posuere lorem. Vitae auctor eu augue ut lectus arcu bibendum at varius. Duis ultricies lacus sed turpis tincidunt id aliquet risus.\r\n\r\nSed blandit libero volutpat sed cras ornare arcu dui vivamus. Iaculis urna id volutpat lacus laoreet non. Nulla pharetra diam sit amet nisl suscipit. Tincidunt id aliquet risus feugiat in ante. Maecenas accumsan lacus vel facilisis volutpat est velit egestas. Faucibus nisl tincidunt eget nullam non nisi est. Ut tortor pretium viverra suspendisse potenti nullam. Sapien faucibus et molestie ac feugiat. Laoreet sit amet cursus sit amet. Ipsum consequat nisl vel pretium lectus. Id aliquet lectus proin nibh nisl. Vitae congue eu consequat ac felis donec. Amet cursus sit amet dictum sit amet justo. Posuere ac ut consequat semper viverra nam libero justo. Neque sodales ut etiam sit. Lectus mauris ultrices eros in cursus turpis massa.', 69, 65, NULL, 3),
(49, 'Leopold FC750R PD White DarkGray', '\\images\\products\\leopold\\Leopold FC750R PD White DarkGray.jpg', 'Best keyboard for developer!', 'Lorem ipsum dolor sit amet, consectetur adipiscing elit, sed do eiusmod tempor incididunt ut labore et dolore magna aliqua. Commodo elit at imperdiet dui. Viverra accumsan in nisl nisi scelerisque eu. Dui faucibus in ornare quam viverra orci. Ut consequat semper viverra nam libero justo laoreet sit amet. Iaculis nunc sed augue lacus viverra. Sed odio morbi quis commodo odio aenean sed adipiscing diam. Sit amet facilisis magna etiam tempor orci. Mauris vitae ultricies leo integer malesuada nunc. Enim eu turpis egestas pretium aenean pharetra magna ac. Pharetra magna ac placerat vestibulum lectus. Sit amet risus nullam eget felis eget. Id nibh tortor id aliquet lectus proin nibh nisl. Egestas congue quisque egestas diam in. Euismod elementum nisi quis eleifend quam adipiscing vitae proin sagittis. Suspendisse in est ante in. Ut aliquam purus sit amet luctus venenatis. Faucibus turpis in eu mi bibendum neque. Mauris a diam maecenas sed enim ut sem.\r\n\r\nFeugiat scelerisque varius morbi enim nunc faucibus a pellentesque. Semper risus in hendrerit gravida rutrum quisque. Platea dictumst vestibulum rhoncus est pellentesque elit ullamcorper. Enim neque volutpat ac tincidunt vitae. Lorem ipsum dolor sit amet consectetur adipiscing elit duis tristique. Aliquam faucibus purus in massa tempor nec feugiat nisl pretium. Et malesuada fames ac turpis egestas sed. Aliquet nec ullamcorper sit amet risus nullam eget felis. Sit amet risus nullam eget felis eget nunc. Nisl purus in mollis nunc sed. Tortor vitae purus faucibus ornare suspendisse sed nisi. Aliquam etiam erat velit scelerisque in dictum non consectetur. Diam volutpat commodo sed egestas egestas fringilla phasellus faucibus. Congue eu consequat ac felis donec et. Aenean euismod elementum nisi quis eleifend quam adipiscing vitae proin. Sed vulputate mi sit amet mauris commodo quis imperdiet massa.\r\n\r\nNeque convallis a cras semper auctor neque vitae tempus quam. Morbi tristique senectus et netus et. Pellentesque sit amet porttitor eget dolor. Blandit aliquam etiam erat velit scelerisque in dictum non consectetur. Morbi leo urna molestie at elementum. Ultrices gravida dictum fusce ut placerat orci nulla pellentesque dignissim. In hendrerit gravida rutrum quisque non. In metus vulputate eu scelerisque felis imperdiet proin. Mauris rhoncus aenean vel elit. Pharetra et ultrices neque ornare aenean euismod elementum nisi. Purus sit amet volutpat consequat mauris nunc congue nisi. Cursus vitae congue mauris rhoncus aenean vel elit scelerisque.\r\n\r\nCursus sit amet dictum sit amet justo donec enim. Arcu cursus euismod quis viverra. Et magnis dis parturient montes. Mattis nunc sed blandit libero volutpat sed. Urna molestie at elementum eu facilisis sed odio. Sed odio morbi quis commodo odio. Diam ut venenatis tellus in. Adipiscing tristique risus nec feugiat. Amet aliquam id diam maecenas ultricies mi eget mauris. Felis donec et odio pellentesque diam volutpat commodo sed egestas. Lorem mollis aliquam ut porttitor leo a. Consectetur adipiscing elit ut aliquam purus. Sit amet consectetur adipiscing elit ut aliquam purus sit. Amet luctus venenatis lectus magna fringilla. Mauris pellentesque pulvinar pellentesque habitant morbi tristique senectus. Sed sed risus pretium quam. Ullamcorper dignissim cras tincidunt lobortis feugiat vivamus at. Lacus suspendisse faucibus interdum posuere lorem. Vitae auctor eu augue ut lectus arcu bibendum at varius. Duis ultricies lacus sed turpis tincidunt id aliquet risus.\r\n\r\nSed blandit libero volutpat sed cras ornare arcu dui vivamus. Iaculis urna id volutpat lacus laoreet non. Nulla pharetra diam sit amet nisl suscipit. Tincidunt id aliquet risus feugiat in ante. Maecenas accumsan lacus vel facilisis volutpat est velit egestas. Faucibus nisl tincidunt eget nullam non nisi est. Ut tortor pretium viverra suspendisse potenti nullam. Sapien faucibus et molestie ac feugiat. Laoreet sit amet cursus sit amet. Ipsum consequat nisl vel pretium lectus. Id aliquet lectus proin nibh nisl. Vitae congue eu consequat ac felis donec. Amet cursus sit amet dictum sit amet justo. Posuere ac ut consequat semper viverra nam libero justo. Neque sodales ut etiam sit. Lectus mauris ultrices eros in cursus turpis massa.', 799, 777, 1, 1),
(50, 'Palm Rest Greenpink', '\\images\\products\\palm rest\\3.jpg', 'Special Palm Rest', 'Lorem ipsum dolor sit amet, consectetur adipiscing elit, sed do eiusmod tempor incididunt ut labore et dolore magna aliqua. Commodo elit at imperdiet dui. Viverra accumsan in nisl nisi scelerisque eu. Dui faucibus in ornare quam viverra orci. Ut consequat semper viverra nam libero justo laoreet sit amet. Iaculis nunc sed augue lacus viverra. Sed odio morbi quis commodo odio aenean sed adipiscing diam. Sit amet facilisis magna etiam tempor orci. Mauris vitae ultricies leo integer malesuada nunc. Enim eu turpis egestas pretium aenean pharetra magna ac. Pharetra magna ac placerat vestibulum lectus. Sit amet risus nullam eget felis eget. Id nibh tortor id aliquet lectus proin nibh nisl. Egestas congue quisque egestas diam in. Euismod elementum nisi quis eleifend quam adipiscing vitae proin sagittis. Suspendisse in est ante in. Ut aliquam purus sit amet luctus venenatis. Faucibus turpis in eu mi bibendum neque. Mauris a diam maecenas sed enim ut sem.\r\n\r\nFeugiat scelerisque varius morbi enim nunc faucibus a pellentesque. Semper risus in hendrerit gravida rutrum quisque. Platea dictumst vestibulum rhoncus est pellentesque elit ullamcorper. Enim neque volutpat ac tincidunt vitae. Lorem ipsum dolor sit amet consectetur adipiscing elit duis tristique. Aliquam faucibus purus in massa tempor nec feugiat nisl pretium. Et malesuada fames ac turpis egestas sed. Aliquet nec ullamcorper sit amet risus nullam eget felis. Sit amet risus nullam eget felis eget nunc. Nisl purus in mollis nunc sed. Tortor vitae purus faucibus ornare suspendisse sed nisi. Aliquam etiam erat velit scelerisque in dictum non consectetur. Diam volutpat commodo sed egestas egestas fringilla phasellus faucibus. Congue eu consequat ac felis donec et. Aenean euismod elementum nisi quis eleifend quam adipiscing vitae proin. Sed vulputate mi sit amet mauris commodo quis imperdiet massa.\r\n\r\nNeque convallis a cras semper auctor neque vitae tempus quam. Morbi tristique senectus et netus et. Pellentesque sit amet porttitor eget dolor. Blandit aliquam etiam erat velit scelerisque in dictum non consectetur. Morbi leo urna molestie at elementum. Ultrices gravida dictum fusce ut placerat orci nulla pellentesque dignissim. In hendrerit gravida rutrum quisque non. In metus vulputate eu scelerisque felis imperdiet proin. Mauris rhoncus aenean vel elit. Pharetra et ultrices neque ornare aenean euismod elementum nisi. Purus sit amet volutpat consequat mauris nunc congue nisi. Cursus vitae congue mauris rhoncus aenean vel elit scelerisque.\r\n\r\nCursus sit amet dictum sit amet justo donec enim. Arcu cursus euismod quis viverra. Et magnis dis parturient montes. Mattis nunc sed blandit libero volutpat sed. Urna molestie at elementum eu facilisis sed odio. Sed odio morbi quis commodo odio. Diam ut venenatis tellus in. Adipiscing tristique risus nec feugiat. Amet aliquam id diam maecenas ultricies mi eget mauris. Felis donec et odio pellentesque diam volutpat commodo sed egestas. Lorem mollis aliquam ut porttitor leo a. Consectetur adipiscing elit ut aliquam purus. Sit amet consectetur adipiscing elit ut aliquam purus sit. Amet luctus venenatis lectus magna fringilla. Mauris pellentesque pulvinar pellentesque habitant morbi tristique senectus. Sed sed risus pretium quam. Ullamcorper dignissim cras tincidunt lobortis feugiat vivamus at. Lacus suspendisse faucibus interdum posuere lorem. Vitae auctor eu augue ut lectus arcu bibendum at varius. Duis ultricies lacus sed turpis tincidunt id aliquet risus.\r\n\r\nSed blandit libero volutpat sed cras ornare arcu dui vivamus. Iaculis urna id volutpat lacus laoreet non. Nulla pharetra diam sit amet nisl suscipit. Tincidunt id aliquet risus feugiat in ante. Maecenas accumsan lacus vel facilisis volutpat est velit egestas. Faucibus nisl tincidunt eget nullam non nisi est. Ut tortor pretium viverra suspendisse potenti nullam. Sapien faucibus et molestie ac feugiat. Laoreet sit amet cursus sit amet. Ipsum consequat nisl vel pretium lectus. Id aliquet lectus proin nibh nisl. Vitae congue eu consequat ac felis donec. Amet cursus sit amet dictum sit amet justo. Posuere ac ut consequat semper viverra nam libero justo. Neque sodales ut etiam sit. Lectus mauris ultrices eros in cursus turpis massa.', 96, 69, NULL, 3),
(51, 'Keycap Wonder Woman', '\\images\\products\\keycaps\\12.jpg', 'Hot keycap from US', 'Lorem ipsum dolor sit amet, consectetur adipiscing elit, sed do eiusmod tempor incididunt ut labore et dolore magna aliqua. Commodo elit at imperdiet dui. Viverra accumsan in nisl nisi scelerisque eu. Dui faucibus in ornare quam viverra orci. Ut consequat semper viverra nam libero justo laoreet sit amet. Iaculis nunc sed augue lacus viverra. Sed odio morbi quis commodo odio aenean sed adipiscing diam. Sit amet facilisis magna etiam tempor orci. Mauris vitae ultricies leo integer malesuada nunc. Enim eu turpis egestas pretium aenean pharetra magna ac. Pharetra magna ac placerat vestibulum lectus. Sit amet risus nullam eget felis eget. Id nibh tortor id aliquet lectus proin nibh nisl. Egestas congue quisque egestas diam in. Euismod elementum nisi quis eleifend quam adipiscing vitae proin sagittis. Suspendisse in est ante in. Ut aliquam purus sit amet luctus venenatis. Faucibus turpis in eu mi bibendum neque. Mauris a diam maecenas sed enim ut sem.\r\n\r\nFeugiat scelerisque varius morbi enim nunc faucibus a pellentesque. Semper risus in hendrerit gravida rutrum quisque. Platea dictumst vestibulum rhoncus est pellentesque elit ullamcorper. Enim neque volutpat ac tincidunt vitae. Lorem ipsum dolor sit amet consectetur adipiscing elit duis tristique. Aliquam faucibus purus in massa tempor nec feugiat nisl pretium. Et malesuada fames ac turpis egestas sed. Aliquet nec ullamcorper sit amet risus nullam eget felis. Sit amet risus nullam eget felis eget nunc. Nisl purus in mollis nunc sed. Tortor vitae purus faucibus ornare suspendisse sed nisi. Aliquam etiam erat velit scelerisque in dictum non consectetur. Diam volutpat commodo sed egestas egestas fringilla phasellus faucibus. Congue eu consequat ac felis donec et. Aenean euismod elementum nisi quis eleifend quam adipiscing vitae proin. Sed vulputate mi sit amet mauris commodo quis imperdiet massa.\r\n\r\nNeque convallis a cras semper auctor neque vitae tempus quam. Morbi tristique senectus et netus et. Pellentesque sit amet porttitor eget dolor. Blandit aliquam etiam erat velit scelerisque in dictum non consectetur. Morbi leo urna molestie at elementum. Ultrices gravida dictum fusce ut placerat orci nulla pellentesque dignissim. In hendrerit gravida rutrum quisque non. In metus vulputate eu scelerisque felis imperdiet proin. Mauris rhoncus aenean vel elit. Pharetra et ultrices neque ornare aenean euismod elementum nisi. Purus sit amet volutpat consequat mauris nunc congue nisi. Cursus vitae congue mauris rhoncus aenean vel elit scelerisque.\r\n\r\nCursus sit amet dictum sit amet justo donec enim. Arcu cursus euismod quis viverra. Et magnis dis parturient montes. Mattis nunc sed blandit libero volutpat sed. Urna molestie at elementum eu facilisis sed odio. Sed odio morbi quis commodo odio. Diam ut venenatis tellus in. Adipiscing tristique risus nec feugiat. Amet aliquam id diam maecenas ultricies mi eget mauris. Felis donec et odio pellentesque diam volutpat commodo sed egestas. Lorem mollis aliquam ut porttitor leo a. Consectetur adipiscing elit ut aliquam purus. Sit amet consectetur adipiscing elit ut aliquam purus sit. Amet luctus venenatis lectus magna fringilla. Mauris pellentesque pulvinar pellentesque habitant morbi tristique senectus. Sed sed risus pretium quam. Ullamcorper dignissim cras tincidunt lobortis feugiat vivamus at. Lacus suspendisse faucibus interdum posuere lorem. Vitae auctor eu augue ut lectus arcu bibendum at varius. Duis ultricies lacus sed turpis tincidunt id aliquet risus.\r\n\r\nSed blandit libero volutpat sed cras ornare arcu dui vivamus. Iaculis urna id volutpat lacus laoreet non. Nulla pharetra diam sit amet nisl suscipit. Tincidunt id aliquet risus feugiat in ante. Maecenas accumsan lacus vel facilisis volutpat est velit egestas. Faucibus nisl tincidunt eget nullam non nisi est. Ut tortor pretium viverra suspendisse potenti nullam. Sapien faucibus et molestie ac feugiat. Laoreet sit amet cursus sit amet. Ipsum consequat nisl vel pretium lectus. Id aliquet lectus proin nibh nisl. Vitae congue eu consequat ac felis donec. Amet cursus sit amet dictum sit amet justo. Posuere ac ut consequat semper viverra nam libero justo. Neque sodales ut etiam sit. Lectus mauris ultrices eros in cursus turpis massa.', 40, 36, NULL, 2);
INSERT INTO `products` (`id`, `name`, `image`, `short_description`, `description`, `price`, `sale_price`, `brand_id`, `category_id`) VALUES
(52, 'Leopold FC660M PD White Blue Star', '\\images\\products\\leopold\\Leopold FC660M PD White Blue Star.jpg', 'High quality mechanical keyboard from Keyholic with love !!!', 'Lorem ipsum dolor sit amet, consectetur adipiscing elit, sed do eiusmod tempor incididunt ut labore et dolore magna aliqua. Commodo elit at imperdiet dui. Viverra accumsan in nisl nisi scelerisque eu. Dui faucibus in ornare quam viverra orci. Ut consequat semper viverra nam libero justo laoreet sit amet. Iaculis nunc sed augue lacus viverra. Sed odio morbi quis commodo odio aenean sed adipiscing diam. Sit amet facilisis magna etiam tempor orci. Mauris vitae ultricies leo integer malesuada nunc. Enim eu turpis egestas pretium aenean pharetra magna ac. Pharetra magna ac placerat vestibulum lectus. Sit amet risus nullam eget felis eget. Id nibh tortor id aliquet lectus proin nibh nisl. Egestas congue quisque egestas diam in. Euismod elementum nisi quis eleifend quam adipiscing vitae proin sagittis. Suspendisse in est ante in. Ut aliquam purus sit amet luctus venenatis. Faucibus turpis in eu mi bibendum neque. Mauris a diam maecenas sed enim ut sem.\r\n\r\nFeugiat scelerisque varius morbi enim nunc faucibus a pellentesque. Semper risus in hendrerit gravida rutrum quisque. Platea dictumst vestibulum rhoncus est pellentesque elit ullamcorper. Enim neque volutpat ac tincidunt vitae. Lorem ipsum dolor sit amet consectetur adipiscing elit duis tristique. Aliquam faucibus purus in massa tempor nec feugiat nisl pretium. Et malesuada fames ac turpis egestas sed. Aliquet nec ullamcorper sit amet risus nullam eget felis. Sit amet risus nullam eget felis eget nunc. Nisl purus in mollis nunc sed. Tortor vitae purus faucibus ornare suspendisse sed nisi. Aliquam etiam erat velit scelerisque in dictum non consectetur. Diam volutpat commodo sed egestas egestas fringilla phasellus faucibus. Congue eu consequat ac felis donec et. Aenean euismod elementum nisi quis eleifend quam adipiscing vitae proin. Sed vulputate mi sit amet mauris commodo quis imperdiet massa.\r\n\r\nNeque convallis a cras semper auctor neque vitae tempus quam. Morbi tristique senectus et netus et. Pellentesque sit amet porttitor eget dolor. Blandit aliquam etiam erat velit scelerisque in dictum non consectetur. Morbi leo urna molestie at elementum. Ultrices gravida dictum fusce ut placerat orci nulla pellentesque dignissim. In hendrerit gravida rutrum quisque non. In metus vulputate eu scelerisque felis imperdiet proin. Mauris rhoncus aenean vel elit. Pharetra et ultrices neque ornare aenean euismod elementum nisi. Purus sit amet volutpat consequat mauris nunc congue nisi. Cursus vitae congue mauris rhoncus aenean vel elit scelerisque.\r\n\r\nCursus sit amet dictum sit amet justo donec enim. Arcu cursus euismod quis viverra. Et magnis dis parturient montes. Mattis nunc sed blandit libero volutpat sed. Urna molestie at elementum eu facilisis sed odio. Sed odio morbi quis commodo odio. Diam ut venenatis tellus in. Adipiscing tristique risus nec feugiat. Amet aliquam id diam maecenas ultricies mi eget mauris. Felis donec et odio pellentesque diam volutpat commodo sed egestas. Lorem mollis aliquam ut porttitor leo a. Consectetur adipiscing elit ut aliquam purus. Sit amet consectetur adipiscing elit ut aliquam purus sit. Amet luctus venenatis lectus magna fringilla. Mauris pellentesque pulvinar pellentesque habitant morbi tristique senectus. Sed sed risus pretium quam. Ullamcorper dignissim cras tincidunt lobortis feugiat vivamus at. Lacus suspendisse faucibus interdum posuere lorem. Vitae auctor eu augue ut lectus arcu bibendum at varius. Duis ultricies lacus sed turpis tincidunt id aliquet risus.\r\n\r\nSed blandit libero volutpat sed cras ornare arcu dui vivamus. Iaculis urna id volutpat lacus laoreet non. Nulla pharetra diam sit amet nisl suscipit. Tincidunt id aliquet risus feugiat in ante. Maecenas accumsan lacus vel facilisis volutpat est velit egestas. Faucibus nisl tincidunt eget nullam non nisi est. Ut tortor pretium viverra suspendisse potenti nullam. Sapien faucibus et molestie ac feugiat. Laoreet sit amet cursus sit amet. Ipsum consequat nisl vel pretium lectus. Id aliquet lectus proin nibh nisl. Vitae congue eu consequat ac felis donec. Amet cursus sit amet dictum sit amet justo. Posuere ac ut consequat semper viverra nam libero justo. Neque sodales ut etiam sit. Lectus mauris ultrices eros in cursus turpis massa.', 599, 590, 1, 1);

-- --------------------------------------------------------

--
-- Table structure for table `trueproducts`
--

CREATE TABLE `trueproducts` (
  `id` bigint(20) NOT NULL,
  `product_id` bigint(20) DEFAULT NULL,
  `detail_id` bigint(20) DEFAULT NULL,
  `quantity` bigint(20) DEFAULT NULL
) ENGINE=InnoDB DEFAULT CHARSET=utf8mb4;

--
-- Dumping data for table `trueproducts`
--

INSERT INTO `trueproducts` (`id`, `product_id`, `detail_id`, `quantity`) VALUES
(17, 8, NULL, 28),
(18, 10, NULL, 28),
(19, 11, NULL, 28),
(20, 12, NULL, 28),
(21, 13, NULL, 28),
(22, 14, NULL, 28),
(23, 15, NULL, 28),
(24, 16, NULL, 28),
(25, 17, NULL, 28),
(26, 19, NULL, 28),
(27, 20, NULL, 28),
(28, 21, NULL, 28),
(29, 22, NULL, 28),
(30, 23, NULL, 28),
(31, 24, NULL, 28),
(32, 25, NULL, 28),
(33, 26, NULL, 28),
(34, 27, NULL, 28),
(35, 28, NULL, 28),
(36, 29, NULL, 28),
(37, 30, NULL, 28),
(38, 31, NULL, 28),
(39, 32, NULL, 28),
(40, 33, NULL, 28),
(41, 34, NULL, 28),
(42, 35, NULL, 28),
(43, 36, NULL, 28),
(44, 37, NULL, 28),
(45, 38, NULL, 28),
(46, 39, NULL, 28),
(47, 40, NULL, 28),
(48, 41, NULL, 28),
(49, 42, NULL, 28),
(50, 43, NULL, 28),
(51, 44, NULL, 28),
(52, 45, NULL, 28),
(53, 46, NULL, 28),
(54, 47, NULL, 28),
(55, 48, NULL, 28),
(56, 49, NULL, 28),
(57, 50, NULL, 28),
(58, 51, NULL, 28),
(59, 52, NULL, 28);

-- --------------------------------------------------------

--
-- Table structure for table `users`
--

CREATE TABLE `users` (
  `id` bigint(20) NOT NULL,
  `email` longtext DEFAULT NULL,
  `name` longtext DEFAULT NULL,
  `password` longtext DEFAULT NULL,
  `permission` tinyint(1) DEFAULT NULL
) ENGINE=InnoDB DEFAULT CHARSET=utf8mb4;

--
-- Dumping data for table `users`
--

INSERT INTO `users` (`id`, `email`, `name`, `password`, `permission`) VALUES
(1, 'admin@gmail.com', 'admin', '$2a$14$K2IQ9wr0KEnbvjaU4brpFe5qTAEtqi92jEmueDR0nT4j0tWcmYJQi', 1),
(2, 'user@gmail.com', 'user', '$2a$14$vyQbfSi7Gy.WXrHiOcjnCuHZWOVJdlWckHE.y1Hh.lxGIJvQOcn2G', 0),
(3, 'test@gmail.com', 'test', '$2a$14$dK0E6zhQoruJnERQzAtxkemLP/PSyoyMHoO/LU108FArDTWV6.I/q', 0),
(4, 'user3@gmail.com', 'user3', '$2a$14$z8lBVl8FlOuLA5fl1mDZpOsfE3nOqOtlU0J/BKbK4ztolRXJX.nRK', 0);

--
-- Indexes for dumped tables
--

--
-- Indexes for table `brands`
--
ALTER TABLE `brands`
  ADD PRIMARY KEY (`id`);

--
-- Indexes for table `categories`
--
ALTER TABLE `categories`
  ADD PRIMARY KEY (`id`);

--
-- Indexes for table `detailproducts`
--
ALTER TABLE `detailproducts`
  ADD PRIMARY KEY (`id`);

--
-- Indexes for table `imageproducts`
--
ALTER TABLE `imageproducts`
  ADD PRIMARY KEY (`id`),
  ADD KEY `fk_imageproducts_product` (`product_id`);

--
-- Indexes for table `orderitems`
--
ALTER TABLE `orderitems`
  ADD PRIMARY KEY (`id`),
  ADD KEY `fk_orderitems_order` (`order_id`),
  ADD KEY `fk_orderitems_product` (`product_id`);

--
-- Indexes for table `orders`
--
ALTER TABLE `orders`
  ADD PRIMARY KEY (`id`),
  ADD KEY `fk_orders_user` (`user_id`);

--
-- Indexes for table `products`
--
ALTER TABLE `products`
  ADD PRIMARY KEY (`id`),
  ADD KEY `fk_products_categories` (`category_id`),
  ADD KEY `fk_products_brand` (`brand_id`);

--
-- Indexes for table `trueproducts`
--
ALTER TABLE `trueproducts`
  ADD PRIMARY KEY (`id`),
  ADD KEY `fk_trueproducts_product` (`product_id`),
  ADD KEY `fk_trueproducts_detailproduct` (`detail_id`);

--
-- Indexes for table `users`
--
ALTER TABLE `users`
  ADD PRIMARY KEY (`id`);

--
-- AUTO_INCREMENT for dumped tables
--

--
-- AUTO_INCREMENT for table `brands`
--
ALTER TABLE `brands`
  MODIFY `id` bigint(20) NOT NULL AUTO_INCREMENT, AUTO_INCREMENT=10;

--
-- AUTO_INCREMENT for table `categories`
--
ALTER TABLE `categories`
  MODIFY `id` bigint(20) NOT NULL AUTO_INCREMENT, AUTO_INCREMENT=4;

--
-- AUTO_INCREMENT for table `detailproducts`
--
ALTER TABLE `detailproducts`
  MODIFY `id` bigint(20) NOT NULL AUTO_INCREMENT;

--
-- AUTO_INCREMENT for table `imageproducts`
--
ALTER TABLE `imageproducts`
  MODIFY `id` bigint(20) NOT NULL AUTO_INCREMENT, AUTO_INCREMENT=62;

--
-- AUTO_INCREMENT for table `orderitems`
--
ALTER TABLE `orderitems`
  MODIFY `id` bigint(20) NOT NULL AUTO_INCREMENT, AUTO_INCREMENT=4;

--
-- AUTO_INCREMENT for table `orders`
--
ALTER TABLE `orders`
  MODIFY `id` bigint(20) NOT NULL AUTO_INCREMENT, AUTO_INCREMENT=2;

--
-- AUTO_INCREMENT for table `products`
--
ALTER TABLE `products`
  MODIFY `id` bigint(20) NOT NULL AUTO_INCREMENT, AUTO_INCREMENT=53;

--
-- AUTO_INCREMENT for table `trueproducts`
--
ALTER TABLE `trueproducts`
  MODIFY `id` bigint(20) NOT NULL AUTO_INCREMENT, AUTO_INCREMENT=60;

--
-- AUTO_INCREMENT for table `users`
--
ALTER TABLE `users`
  MODIFY `id` bigint(20) NOT NULL AUTO_INCREMENT, AUTO_INCREMENT=5;

--
-- Constraints for dumped tables
--

--
-- Constraints for table `imageproducts`
--
ALTER TABLE `imageproducts`
  ADD CONSTRAINT `fk_imageproducts_product` FOREIGN KEY (`product_id`) REFERENCES `products` (`id`);

--
-- Constraints for table `orderitems`
--
ALTER TABLE `orderitems`
  ADD CONSTRAINT `fk_orderitems_order` FOREIGN KEY (`order_id`) REFERENCES `orders` (`id`),
  ADD CONSTRAINT `fk_orderitems_product` FOREIGN KEY (`product_id`) REFERENCES `products` (`id`);

--
-- Constraints for table `orders`
--
ALTER TABLE `orders`
  ADD CONSTRAINT `fk_orders_user` FOREIGN KEY (`user_id`) REFERENCES `users` (`id`);

--
-- Constraints for table `products`
--
ALTER TABLE `products`
  ADD CONSTRAINT `fk_products_brand` FOREIGN KEY (`brand_id`) REFERENCES `brands` (`id`),
  ADD CONSTRAINT `fk_products_categories` FOREIGN KEY (`category_id`) REFERENCES `categories` (`id`);

--
-- Constraints for table `trueproducts`
--
ALTER TABLE `trueproducts`
  ADD CONSTRAINT `fk_trueproducts_detailproduct` FOREIGN KEY (`detail_id`) REFERENCES `detailproducts` (`id`),
  ADD CONSTRAINT `fk_trueproducts_product` FOREIGN KEY (`product_id`) REFERENCES `products` (`id`);
COMMIT;

/*!40101 SET CHARACTER_SET_CLIENT=@OLD_CHARACTER_SET_CLIENT */;
/*!40101 SET CHARACTER_SET_RESULTS=@OLD_CHARACTER_SET_RESULTS */;
/*!40101 SET COLLATION_CONNECTION=@OLD_COLLATION_CONNECTION */;
